Country_Region,first_1ConfirmedCases,first_1Fatalities,first_10ConfirmedCases,first_50ConfirmedCases,first_100ConfirmedCases,cases_growth,death_growth,Cardiovascular diseases (%),Cancers (%),"Diabetes, blood, & endocrine diseases (%)",Respiratory diseases (%),Liver disease (%),Diarrhea & common infectious diseases (%),Musculoskeletal disorders (%),HIV/AIDS and tuberculosis (%),Malaria & neglected tropical diseases (%),Nutritional deficiencies (%),pneumonia-death-rates,Share of deaths from smoking (%),alcoholic_beverages,animal_fats,animal_products,"aquatic_products,_other",cereals_-_excluding_beer,eggs,"fish,_seafood",fruits_-_excluding_wine,meat,milk_-_excluding_butter,miscellaneous,offals,oilcrops,pulses,spices,starchy_roots,stimulants,sugar_&_sweeteners,treenuts,vegetable_oils,vegetables,vegetal_products,hospital_beds_per10k,hospital_density,nbr_surgeons,nbr_obstetricians,nbr_anaesthesiologists,medical_doctors_per10k,school_closure,bcg_coverage,bcg_year_delta,population,median age,population growth rate,birth rate,death rate,net migration rate,maternal mortality rate,infant mortality rate,life expectancy at birth,total fertility rate,obesity - adult prevalence rate,school_shutdown_1case,school_shutdown_10case,school_shutdown_50case,school_shutdown_1death,FF_DayOfYear,case1_DayOfYear,case10_DayOfYear,case50_DayOfYear
Afghanistan,2020-02-24,2020-03-22,2020-03-14,2020-03-24,2020-03-27,0.17417881150581996,0.08333333333333333,8.953005951124329,3.3720823906404545,5.27328049037,1.9631703231819209,0.4981158910413298,15.8255221465,1.962412494383544,2.9380144307200005,1.3933449285255042,1.7700298313053582,70.61433288141315,3.56,0.0,34.0,191.0,,1484.0,6.0,0.0,59.0,48.0,98.0,1.0,5.0,7.0,20.0,4.0,13.0,3.0,89.0,5.0,92.0,30.0,1809.0,5.0,0.085,,,8.0,2.84,2020-03-14,86.0,5.0,52.8,19.5,2.38,36.7,12.7,-0.1,638.0,104.3,52.8,4.82,5.5,19.0,-0.0,-10.0,-8.0,82.0,55,74.0,84.0
Albania,2020-03-09,2020-03-11,2020-03-10,2020-03-16,2020-03-23,0.06869941648845283,0.13005050505050506,27.01678431488417,13.225389824975467,4.57159223674,3.2514253176738404,1.1222773720687502,2.61414891471,8.372170760252345,0.051631681074299995,0.0196583472833512,0.9806906954044156,12.241503672929234,19.09,62.0,72.0,1094.0,0.0,1102.0,55.0,10.0,265.0,263.0,676.0,4.0,18.0,74.0,55.0,0.0,86.0,17.0,234.0,27.0,192.0,187.0,2305.0,28.88,0.28,,45.0,,11.998,2020-03-11,99.0,5.0,79.0,34.3,0.28,13.0,7.1,-3.3,15.0,10.8,79.0,1.53,21.7,2.0,1.0,-5.0,-0.0,71.0,69,70.0,76.0
Algeria,2020-02-25,2020-03-12,2020-03-04,2020-03-16,2020-03-21,0.15858819388282344,0.2285776144508069,17.005475868192548,6.4817290236089695,8.614000207770001,3.4754165631311063,0.9263084281699808,3.80994387788,8.204560893875005,0.390350862801,0.1245101074787528,1.1881415490933014,15.996728004419882,10.92,6.0,13.0,404.0,0.0,1675.0,28.0,8.0,213.0,84.0,267.0,7.0,4.0,18.0,73.0,8.0,129.0,10.0,267.0,15.0,386.0,137.0,2945.0,19.0,,3204.0,599.0,825.0,18.3,2020-03-12,99.0,5.0,77.5,28.9,1.52,20.0,4.4,-0.9,112.0,17.6,77.5,2.59,27.4,16.0,8.0,-4.0,-0.0,72.0,56,64.0,76.0
Andorra,2020-03-02,2020-03-22,2020-03-17,2020-03-19,2020-03-22,0.08277403736551185,0.3452380952380952,13.784687901664267,17.8792785128085,4.38188902095,4.771666828410284,1.5613892082297691,2.50750509682,13.608032063903725,0.334844834957,0.0021593722787542373,0.34055063975232264,18.236080130387922,14.24,,,,,,,,,,,,,,,,,,,,,,,,,,,,,2020-03-16,,,83.0,46.2,-0.06,7.0,7.7,0.0,,3.5,83.0,1.43,25.6,14.0,-1.0,-3.0,-6.0,82.0,62,77.0,79.0
Angola,2020-03-20,2020-03-29,,,,0.13214285714285712,0.0,4.4802996237205,3.01163219150252,2.73306459562,1.7119807528318358,1.4396947189538127,20.5279991649,1.8391048167521904,9.101146506980001,6.213008176334766,5.597667213494106,94.47100697498459,4.7,88.0,12.0,213.0,0.0,833.0,2.0,38.0,105.0,133.0,23.0,3.0,5.0,49.0,68.0,0.0,573.0,2.0,125.0,0.0,194.0,16.0,2057.0,8.0,0.0,,,,2.149,2020-03-24,79.0,5.0,61.3,15.9,3.43,42.7,8.5,-0.2,241.0,62.3,61.3,5.96,8.2,4.0,,,-5.0,89.0,80,,
Antigua and Barbuda,2020-03-13,,,,,0.04761904761904764,,15.95782501437371,12.103094664375137,12.2100551045,2.603435069028883,1.3558309287718358,4.226786898419999,6.499621202581247,1.86399957088,0.5476425925425285,3.4164009636795547,35.4295039025085,6.75,112.0,75.0,747.0,0.0,667.0,10.0,84.0,179.0,342.0,228.0,15.0,8.0,29.0,22.0,17.0,41.0,24.0,283.0,4.0,228.0,63.0,1683.0,38.0,1.11,5.0,6.0,2.0,27.647,,,,77.3,32.7,1.18,15.4,5.8,2.1,,11.1,77.3,1.97,18.9,,,,,,73,,
Argentina,2020-03-03,2020-03-08,2020-03-08,2020-03-16,2020-03-20,0.11869613016529401,0.19122693703166627,15.781373121370766,13.962664971703555,6.642161183160001,4.14033107123862,1.65516303812253,4.99229612321,9.060723952650477,0.9586674125839999,0.2522617304929037,0.9016274716607292,57.73190480669795,15.81,93.0,69.0,971.0,0.0,1088.0,56.0,13.0,95.0,612.0,205.0,,17.0,2.0,8.0,2.0,91.0,15.0,457.0,3.0,359.0,56.0,2267.0,50.0,,,,4500.0,39.6,2020-03-16,99.0,5.0,77.8,32.4,0.86,16.0,7.4,-0.1,39.0,9.0,77.8,2.21,28.3,13.0,8.0,-0.0,8.0,68.0,63,68.0,76.0
Armenia,2020-03-01,2020-03-26,2020-03-14,2020-03-16,2020-03-19,0.12563451876828682,0.5138888888888888,25.348767139565282,14.673964438415773,8.057546359439996,3.6267841005570345,2.7321589914412368,2.8638792959500003,6.0490862699879,0.49033951052,0.13739736051463922,1.2124862595106918,15.685065093319604,17.04,14.0,109.0,790.0,0.0,1186.0,45.0,11.0,156.0,260.0,347.0,7.0,18.0,14.0,27.0,1.0,77.0,43.0,326.0,19.0,220.0,198.0,2288.0,41.8,0.64,1011.0,784.0,419.0,28.99,2020-03-02,99.0,5.0,75.6,36.6,-0.3,11.9,9.5,-5.5,26.0,11.5,75.6,1.65,20.2,1.0,-12.0,-14.0,-24.0,86.0,61,74.0,76.0
Australia,2020-01-26,2020-03-01,2020-03-03,2020-03-10,2020-03-14,0.08256010573335082,0.1366310892172961,12.176800097073126,17.040098242221177,5.38273400852,5.335422654582157,0.9595096515619008,1.5939993631300002,11.214323883829598,0.135918807478,0.009707508862034036,0.22220372839918348,9.045839581629306,12.55,131.0,126.0,1034.0,0.0,771.0,31.0,40.0,110.0,496.0,318.0,14.0,23.0,44.0,9.0,7.0,87.0,34.0,384.0,56.0,555.0,75.0,2277.0,37.9,,4422.0,1591.0,3881.0,35.874,2020-03-24,,,82.7,37.5,1.4,12.4,6.9,8.1,6.0,3.1,82.7,1.74,29.0,58.0,21.0,14.0,23.0,61.0,26,63.0,70.0
Austria,2020-02-25,2020-03-12,2020-03-01,2020-03-06,2020-03-08,0.06446018343899378,0.18348926582531075,17.256516139744186,17.358557884953527,6.49927615393,4.348961969402323,2.034187747258688,1.18868617914,10.396912676016443,0.203517454892,0.002606319506469523,0.2850681603669321,4.5746519815209785,14.15,208.0,388.0,1153.0,0.0,914.0,58.0,30.0,118.0,370.0,299.0,0.0,8.0,51.0,8.0,8.0,108.0,27.0,462.0,31.0,529.0,76.0,2540.0,76.47,,7767.0,2518.0,1761.0,51.441,2020-03-16,90.0,31.0,81.9,44.5,0.35,9.5,9.8,3.6,5.0,3.3,81.9,1.49,20.1,20.0,15.0,10.0,4.0,72.0,56,61.0,66.0
Azerbaijan,2020-03-01,2020-03-13,2020-03-10,2020-03-21,2020-03-26,0.1613468755602848,0.09722222222222221,25.684541840071244,9.846049068282158,6.1477354812300025,2.680938479293112,2.7150106036948616,7.99476044118,4.7139562797215895,1.03609704782,0.12811881347460186,1.3827942025602569,40.330210194091066,15.8,140.0,81.0,507.0,0.0,1784.0,34.0,6.0,100.0,182.0,197.0,2.0,7.0,3.0,5.0,1.0,137.0,19.0,212.0,28.0,75.0,91.0,2596.0,46.88,0.53,,1982.0,,34.466,2020-03-03,98.0,5.0,73.6,32.6,0.77,14.5,7.0,0.0,26.0,21.3,73.6,1.88,19.9,2.0,-7.0,-18.0,-10.0,73.0,61,70.0,81.0
Bahamas,2020-03-16,2020-04-01,2020-03-27,,,0.16926406926406926,0.0,16.765925784734574,12.88532199618623,10.4597893362,2.567419470053126,1.5165273032421067,3.929844928380001,5.7566483664008175,4.73660525451,0.1542295399054738,0.8434606527178499,33.12693464517819,6.28,119.0,58.0,604.0,0.0,438.0,27.0,51.0,182.0,334.0,122.0,44.0,11.0,42.0,5.0,9.0,29.0,17.0,354.0,7.0,129.0,62.0,1439.0,29.0,0.26,,,,19.373,2020-03-16,,,73.3,32.8,0.75,14.8,7.4,0.0,70.0,10.6,73.3,1.92,31.6,-0.0,-11.0,,-16.0,92.0,76,87.0,
Bahrain,2020-02-24,2020-03-16,2020-02-25,2020-03-04,2020-03-10,0.056065603029970545,0.0,10.202329611148082,5.986385478305866,14.932370164000002,3.7902993582251625,1.087662516030088,2.84971387762,12.07942013694466,0.456636914736,0.05100195762629632,1.3852299355010116,19.135446449778424,9.71,,,,,,,,,,,,,,,,,,,,,,,20.3,,201.0,58.0,67.0,9.257,2020-02-26,,,79.4,32.9,2.08,12.7,2.8,10.6,14.0,8.3,79.4,1.69,29.8,2.0,1.0,-7.0,-19.0,76.0,55,56.0,64.0
Bangladesh,2020-03-08,2020-03-18,2020-03-17,2020-03-31,,0.026251704385457875,0.033333333333333326,15.819273543460875,5.921303979274027,5.57306562826,5.1619781071739625,1.8100601532650875,9.5822912484,6.261712141626037,1.2642626640899999,1.121898870280804,2.778965220936777,33.65360558006273,10.0,0.0,8.0,123.0,0.0,1948.0,12.0,43.0,34.0,18.0,40.0,1.0,2.0,7.0,64.0,26.0,100.0,1.0,74.0,6.0,178.0,32.0,2473.0,7.7,0.044000000000000004,2615.0,850.0,1200.0,5.268,2020-03-17,98.0,5.0,74.2,27.9,0.98,18.1,5.5,-3.0,173.0,28.3,74.2,2.11,3.6,9.0,-0.0,-14.0,-1.0,78.0,68,77.0,91.0
Barbados,2020-03-17,,2020-03-22,,,0.1226347182229535,,16.907563919182543,16.326971167909438,13.207041150000002,2.623922180994288,1.188147652032054,4.268234937230002,6.972037948793505,1.36301684902,0.2663353262908215,0.9192458533042313,38.75791362773568,6.05,65.0,67.0,700.0,0.0,889.0,34.0,82.0,112.0,328.0,182.0,52.0,6.0,69.0,73.0,17.0,99.0,17.0,468.0,16.0,258.0,61.0,2196.0,58.0,0.35,18.0,12.0,19.0,24.886,2020-03-19,,,76.0,39.5,0.23,11.3,8.8,-0.3,27.0,9.6,76.0,1.68,23.1,2.0,-3.0,,,,77,82.0,
Belarus,2020-02-28,2020-03-31,2020-03-12,2020-03-18,2020-03-30,0.25907006208250033,1.0,33.62134641643093,11.942706432404563,3.1437860276,2.3361433270921,2.288203490345284,1.49394082664,5.9005479145728055,0.9619850199259999,0.07465118569656493,0.4109287910598412,8.313031531800863,17.78,217.0,176.0,807.0,0.0,939.0,56.0,32.0,92.0,376.0,144.0,11.0,23.0,15.0,0.0,1.0,328.0,26.0,303.0,28.0,403.0,121.0,2482.0,110.5,0.55,6428.0,2590.0,2466.0,40.772,,97.0,5.0,73.8,40.9,-0.27,9.5,13.1,0.7,2.0,3.5,73.8,1.5,24.5,,,,,91.0,59,72.0,78.0
Belgium,2020-02-04,2020-03-11,2020-03-03,2020-03-05,2020-03-06,0.1340368439021252,0.23373721068789285,14.292107007974016,18.184271261748787,5.15137584894,5.179322809000662,1.5641231101452764,2.74251065851,11.069344437868097,0.18789721621599997,0.0008862499909234252,0.36939990961370794,19.83889253429312,18.83,174.0,360.0,1067.0,0.0,983.0,52.0,45.0,104.0,247.0,349.0,,14.0,18.0,22.0,7.0,165.0,9.0,513.0,42.0,533.0,131.0,2701.0,62.29,,5571.0,1541.0,2281.0,33.234,2020-03-13,,,81.4,41.6,0.63,11.1,9.8,4.8,5.0,3.3,81.4,1.77,22.1,38.0,10.0,8.0,2.0,71.0,35,63.0,65.0
Belize,2020-03-23,,,,,0.08333333333333333,,9.853445294058435,7.605281650189152,10.0057773997,3.328407890864712,1.7786299201313849,5.73515805992,4.952029947382608,4.87262236695,0.4560969178076165,2.3829362362753668,43.04624140378663,6.77,82.0,141.0,495.0,0.0,1020.0,16.0,20.0,136.0,213.0,102.0,28.0,2.0,33.0,123.0,2.0,27.0,16.0,412.0,7.0,276.0,40.0,2204.0,13.0,0.6,23.0,4.0,10.0,11.262,2020-03-23,98.0,5.0,75.3,23.9,1.72,22.0,4.1,-1.0,36.0,11.2,75.3,2.7,24.1,-0.0,,,,,83,,
Benin,2020-03-16,,2020-04-01,,,0.1574074074074074,,4.222493223082953,2.893636362474993,4.33492038066,1.61961642929329,0.8109565014480578,23.526729517899998,1.987969197448732,3.9797374386800004,13.794076189630994,4.456479556740223,110.79073073799697,2.42,97.0,5.0,137.0,0.0,1018.0,3.0,29.0,42.0,66.0,29.0,3.0,4.0,103.0,91.0,56.0,797.0,1.0,79.0,28.0,256.0,47.0,2619.0,5.0,0.11,81.0,90.0,20.0,1.5719999999999998,2020-03-30,89.0,5.0,61.4,17.0,3.4,42.1,8.4,0.3,397.0,58.7,61.4,5.53,9.6,14.0,-2.0,,,,76,92.0,
Bhutan,2020-03-06,,,,,0.09722222222222221,,11.605897117863787,5.886293023253303,6.68299654232,5.281997262559325,2.23023741946127,11.048947847400001,6.687138020187838,1.79665773176,1.1035868304330236,4.422313970947154,31.286347259216924,7.12,,,,,,,,,,,,,,,,,,,,,,,17.4,0.13,6.0,13.0,3.0,3.715,2020-03-18,99.0,5.0,72.1,29.1,1.02,16.3,6.3,0.0,183.0,27.0,72.1,1.82,6.4,12.0,,,,,66,,
Bolivia,2020-03-11,2020-03-29,2020-03-14,2020-03-27,2020-03-31,0.12544409482118868,0.9523809523809524,9.990454671488184,9.416817266956732,6.6746622639799975,3.1220141467526883,1.818706029570669,11.209534449500001,4.959810309819403,1.97844712628,1.2565409746745406,3.1642941778130336,65.87884212912405,6.01,37.0,43.0,472.0,0.0,1019.0,26.0,5.0,114.0,318.0,77.0,6.0,4.0,19.0,43.0,4.0,167.0,13.0,268.0,37.0,125.0,30.0,1881.0,11.0,0.29,1807.0,500.0,1270.0,16.111,2020-03-12,99.0,5.0,70.4,25.3,1.44,20.8,6.3,-0.3,155.0,32.2,70.4,2.48,20.2,1.0,-2.0,-15.0,-17.0,89.0,71,74.0,87.0
Bosnia and Herzegovina,2020-03-05,2020-03-21,2020-03-12,2020-03-19,2020-03-22,0.14587433318966062,0.2745726495726496,26.853919987565273,17.34197300833541,8.03717375119,3.865477493192525,1.4262493754838608,1.16335418251,6.5128839348744325,0.278129857293,0.08192864811508332,0.6819669342289006,7.301671128250819,22.57,254.0,36.0,592.0,0.0,1388.0,19.0,12.0,124.0,198.0,319.0,13.0,7.0,20.0,51.0,68.0,148.0,55.0,198.0,17.0,193.0,148.0,2677.0,34.99,0.13,275.0,115.0,54.0,20.003,2020-03-12,95.0,5.0,77.5,43.3,-0.19,8.6,10.2,-0.4,10.0,5.2,77.5,1.33,17.9,7.0,-0.0,-7.0,-9.0,81.0,65,72.0,79.0
Botswana,2020-03-30,2020-03-31,,,,0.11111111111111109,0.0,6.7986514339286455,4.9107576391009236,6.2899722778000005,3.155856575369161,0.7563479888204512,8.22173621023,3.2031371456416267,32.876194275900005,0.5223078625400456,2.2328938838785355,59.989488082106206,6.07,73.0,49.0,380.0,0.0,1048.0,5.0,9.0,48.0,88.0,219.0,21.0,10.0,23.0,27.0,16.0,125.0,12.0,278.0,2.0,257.0,30.0,1960.0,18.0,0.15,40.0,18.0,18.0,3.688,2020-03-20,98.0,5.0,64.8,25.7,1.48,20.9,9.2,2.9,144.0,26.8,64.8,2.45,18.9,-10.0,,,-11.0,91.0,90,,
Brazil,2020-02-26,2020-03-17,2020-03-06,2020-03-12,2020-03-13,0.15492481763199684,0.23484090092616308,13.653026569039849,9.95312896058096,6.46067730041,3.489214878527984,1.7699791258536988,4.6439217385200005,7.503939607958548,1.6006130559499998,0.8853843530091557,1.9060979043169441,40.83331423777864,12.55,93.0,99.0,858.0,0.0,948.0,29.0,15.0,112.0,465.0,243.0,0.0,7.0,47.0,132.0,1.0,116.0,9.0,411.0,5.0,468.0,36.0,2391.0,22.0,,70298.0,25013.0,18236.0,21.499000000000002,2020-03-12,99.0,5.0,74.7,33.2,0.67,13.6,6.9,-0.1,60.0,15.9,74.7,1.73,22.1,15.0,6.0,-0.0,-5.0,77.0,57,66.0,72.0
Brunei,2020-03-09,2020-03-28,2020-03-11,2020-03-15,2020-03-24,0.02465564197394125,0.0,13.606625123797429,15.269343918361713,11.479677450799999,3.2658904319870925,0.9978798580278422,2.78348269334,8.77601907376248,0.846325562951,0.22548892419022715,0.7934499843820666,40.39039480634783,15.31,,,,,,,,,,,,,,,,,,,,,,,27.4,0.24,,,,17.701,2020-03-30,99.0,5.0,77.9,31.1,1.51,16.5,3.8,2.3,31.0,8.8,77.9,1.75,14.1,21.0,19.0,15.0,2.0,88.0,69,71.0,75.0
Bulgaria,2020-03-08,2020-03-11,2020-03-13,2020-03-15,2020-03-20,0.07743090322637065,0.28769841269841273,37.3780552856482,14.802908428225422,5.113543861779999,3.666356508884166,2.0648419580320927,1.80323488643,5.934753213533863,0.19578704509300002,0.011105740539419687,0.3282740101154005,12.940748090080008,19.06,208.0,139.0,695.0,0.0,1014.0,33.0,16.0,100.0,244.0,248.0,5.0,15.0,36.0,20.0,69.0,51.0,12.0,263.0,8.0,297.0,49.0,2133.0,68.16,,5859.0,1408.0,1511.0,39.879,2020-03-16,96.0,5.0,75.0,43.7,-0.65,8.3,14.6,-0.3,10.0,8.1,75.0,1.49,25.0,8.0,3.0,1.0,5.0,71.0,68,73.0,75.0
Burkina Faso,2020-03-10,2020-03-18,2020-03-16,2020-03-21,2020-03-24,0.08221397530662851,0.10377585377585379,3.9870491399082537,2.7336927209453363,3.88524531172,1.1825531899444983,0.581171279568199,20.4036845143,1.5235044303329797,3.68104185981,19.267771417593192,5.237838812352595,129.558520700646,1.82,137.0,7.0,152.0,0.0,1719.0,8.0,14.0,8.0,63.0,55.0,2.0,5.0,200.0,132.0,3.0,26.0,1.0,96.0,4.0,229.0,11.0,2567.0,4.0,0.053,36.0,10.0,58.0,0.6,2020-03-16,98.0,5.0,62.7,17.9,2.66,35.1,8.2,-0.6,320.0,52.0,62.7,4.51,5.6,6.0,-0.0,-5.0,-2.0,78.0,70,76.0,81.0
Burma,2020-03-27,2020-03-31,2020-03-29,,,0.17579365079365075,0.0,,,,,,,,,,,,,,,,,,,,,,,,,,,,,,,,,,,,,,,,,,,,,,,,,,,,,,,,,,,91.0,87,89.0,
Burundi,2020-03-31,,,,,0.25,,4.516046000976475,2.9617926285419767,2.3330165601700004,1.5998408429576203,1.0511709031422314,26.851420288000003,1.4381350477274844,9.62488188124,12.420215979561345,4.8773418740702175,122.77749259008988,3.3,,,,,,,,,,,,,,,,,,,,,,,7.9,0.03,,,,0.5,,93.0,5.0,66.7,17.7,2.85,36.5,6.2,-0.8,548.0,40.1,66.7,5.28,5.4,,,,,,91,,
Cabo Verde,2020-03-20,2020-03-24,,,,0.033333333333333326,0.0,,,,,,,,,,,,,,,,,,,,,,,,,,,,,,,,,,,,,,,,,,,,,,,,,,,,,,,,,,,84.0,80,,
Cambodia,2020-01-27,,2020-03-17,2020-03-20,2020-03-29,0.017850815428667215,,11.368198106479742,6.8490353908029284,4.7197632101,3.4080265507199936,5.351597917550882,14.014568230499995,4.876681446848793,3.13289189828,1.7887457353602367,2.71843877130758,98.92901175887363,12.38,70.0,5.0,200.0,0.0,1633.0,5.0,88.0,32.0,88.0,10.0,9.0,4.0,92.0,46.0,7.0,84.0,2.0,207.0,2.0,65.0,18.0,2272.0,8.33,0.059000000000000004,,,,1.682,2020-03-16,90.0,5.0,65.9,26.4,1.4,21.3,7.3,-0.3,160.0,43.7,65.9,2.39,3.9,49.0,-1.0,-4.0,,,27,77.0,80.0
Cameroon,2020-03-06,2020-03-25,2020-03-17,2020-03-23,2020-03-29,0.23942005719100443,0.36111111111111116,4.877371551563146,3.512043223118462,3.7712388945999997,1.8436000613596564,1.137563717158632,16.971400943499994,2.2131971311251286,12.294106805,14.293772666981006,3.202733362804739,119.5113103713414,2.69,81.0,8.0,115.0,0.0,1089.0,1.0,29.0,186.0,53.0,22.0,3.0,3.0,127.0,189.0,35.0,431.0,2.0,85.0,17.0,220.0,73.0,2538.0,13.0,0.04,83.0,151.0,22.0,0.898,2020-03-18,74.0,5.0,62.3,18.5,2.78,36.3,8.1,-0.3,529.0,51.5,62.3,4.66,11.4,12.0,1.0,-5.0,-7.0,85.0,66,77.0,83.0
Canada,2020-01-26,2020-03-09,2020-02-29,2020-03-13,2020-03-15,0.1525860477916202,0.17140623951145273,13.685415734443824,18.32176644158216,6.37947098768,4.4251687286158985,1.2946398525453078,1.96284557823,11.740589908222232,0.27603565207,0.0016319134213133822,0.29406428591489137,11.640901932914307,17.86,110.0,277.0,887.0,0.0,910.0,54.0,37.0,127.0,335.0,183.0,18.0,1.0,92.0,110.0,10.0,106.0,17.0,433.0,41.0,556.0,76.0,2605.0,27.0,0.13,7489.0,3070.0,3186.0,26.101999999999997,2020-03-16,,,83.4,41.8,0.81,10.2,7.9,5.6,10.0,4.3,83.4,1.57,29.4,50.0,16.0,3.0,7.0,69.0,26,60.0,73.0
Central African Republic,2020-03-15,,,,,0.0,,5.090088596315328,2.234884366767504,2.15427673227,1.4748464596065216,0.6331605464945665,23.9985210517,1.1452207322830292,19.5401821556,8.129738681925486,3.9644922345566136,161.19582089418213,3.97,19.0,26.0,260.0,0.0,315.0,2.0,15.0,67.0,175.0,31.0,1.0,12.0,81.0,80.0,0.0,692.0,3.0,60.0,0.0,169.0,11.0,1498.0,10.0,0.087,9.0,8.0,0.0,0.629,2020-03-30,74.0,5.0,54.2,20.0,2.09,33.2,12.3,0.0,829.0,80.6,54.2,4.14,7.5,15.0,,,,,75,,
Chad,2020-03-19,,,,,0.20158730158730157,,3.339178005623624,1.905528254610112,2.8065154016000005,1.132368502403488,0.6983604488654341,33.4580942138,1.3510390742288705,7.455803897439999,6.629160778882222,5.8529470095405305,150.91815973642684,1.13,6.0,32.0,290.0,0.0,1162.0,1.0,20.0,13.0,126.0,85.0,1.0,25.0,232.0,85.0,0.0,133.0,0.0,87.0,0.0,76.0,4.0,1800.0,4.0,0.008,18.0,13.0,2.0,0.475,2020-03-20,70.0,5.0,58.3,16.1,3.18,41.7,10.0,-0.1,1140.0,68.6,58.3,5.68,6.1,1.0,,,,,79,,
Chile,2020-03-03,2020-03-22,2020-03-10,2020-03-14,2020-03-16,0.13320086887149266,0.24464285714285713,12.219116829647806,14.273118431428196,6.59386331875,3.5948369715999036,3.0178705785122,2.4773953452,12.550732689580505,0.808451258927,0.26998064631725993,0.7380699098175479,19.513353948838734,9.4,96.0,83.0,744.0,0.0,1179.0,38.0,24.0,77.0,447.0,150.0,5.0,2.0,23.0,35.0,2.0,129.0,11.0,460.0,14.0,170.0,66.0,2267.0,22.0,0.35,7137.0,1931.0,2322.0,10.8,2020-03-16,93.0,5.0,79.4,35.5,0.71,13.1,6.5,0.3,13.0,6.2,79.4,1.77,28.0,13.0,6.0,2.0,-6.0,82.0,63,70.0,74.0
China,2020-01-22,2020-01-22,2020-01-22,2020-01-22,2020-01-22,0.007654512605182343,0.0012830351505485349,22.938578525403923,17.00119376527908,5.825682454380001,6.241830684938622,1.2253325633227063,2.0014798914700003,6.711278577085579,0.8998351996389999,0.4775126788139568,0.5174930960540415,13.660037522324073,20.97,91.0,42.0,724.0,1.0,1479.0,93.0,54.0,109.0,472.0,50.0,2.0,12.0,96.0,13.0,3.0,152.0,2.0,72.0,20.0,181.0,254.0,2473.0,42.0,0.0,293021.0,53471.0,194634.0,17.855,2020-02-21,99.0,5.0,76.1,38.4,0.32,11.6,8.2,-0.4,29.0,11.4,76.1,1.6,6.2,30.0,30.0,30.0,30.0,22.0,22,22.0,22.0
Colombia,2020-03-06,2020-03-22,2020-03-13,2020-03-16,2020-03-19,0.13672468698123233,0.23002450980392156,11.670715018176107,10.405090546367244,6.54049991306,3.8346957823551233,0.9453784770266612,3.7130616661199998,7.300055884435812,1.38494141845,0.5860031020563884,1.032997700609815,15.327841795215251,8.38,61.0,27.0,548.0,0.0,949.0,46.0,15.0,290.0,252.0,201.0,3.0,8.0,21.0,51.0,5.0,173.0,6.0,591.0,11.0,346.0,38.0,2546.0,15.0,,2776.0,2338.0,2634.0,20.835,2020-03-16,90.0,5.0,76.6,31.2,0.93,15.4,5.6,-0.6,83.0,12.3,76.6,1.94,22.3,10.0,3.0,-0.0,-6.0,82.0,66,73.0,76.0
Congo (Brazzaville),2020-03-15,2020-04-02,2020-03-29,,,0.6513157894736842,,,,,,,,,,,,,,,,,,,,,,,,,,,,,,,,,,,,,,,,,,,,,,,,,,,,,,,,,,,,93.0,75,89.0,
Congo (Kinshasa),2020-03-11,2020-03-21,2020-03-19,2020-03-26,2020-04-01,0.17869048156826875,0.3171296296296296,,,,,,,,,,,,,,,,,,,,,,,,,,,,,,,,,,,,,,,,,,,,,,,,,,,,,,,,,,,81.0,71,79.0,86.0
Costa Rica,2020-03-06,2020-03-19,2020-03-11,2020-03-18,2020-03-21,0.07087366527374761,0.0,13.082640359134444,13.276389595500676,7.550056883300001,3.976776309803282,2.299081711336921,2.9527822857499997,7.027555694701286,0.946592272107,0.5365826223082065,1.274756609774962,10.592420685556778,9.46,73.0,119.0,684.0,0.0,874.0,38.0,44.0,134.0,183.0,295.0,4.0,5.0,32.0,107.0,5.0,49.0,15.0,507.0,8.0,478.0,43.0,2331.0,11.6,0.29,406.0,375.0,280.0,11.497,2020-03-17,83.0,5.0,79.2,32.6,1.08,14.8,4.9,0.8,27.0,7.5,79.2,1.87,25.7,11.0,6.0,-1.0,-2.0,79.0,66,71.0,78.0
Cote d'Ivoire,2020-03-11,2020-03-29,2020-03-21,2020-03-24,2020-03-27,0.13330442009001167,0.0,5.6655034235555215,2.4468245460046605,3.8547296369699997,1.5359943019983475,1.030122192528908,19.0685638995,1.986956655599836,9.780103488209999,10.04302037370688,3.9749872505309414,121.14252419729635,3.32,25.0,3.0,118.0,0.0,1028.0,7.0,35.0,139.0,48.0,15.0,1.0,10.0,66.0,21.0,14.0,849.0,29.0,89.0,46.0,270.0,35.0,2612.0,4.0,0.098,,,,,2020-03-17,79.0,5.0,61.3,20.3,2.26,29.1,7.9,1.2,617.0,59.1,61.3,3.67,10.3,6.0,-4.0,-7.0,-12.0,89.0,71,81.0,84.0
Croatia,2020-02-25,2020-03-19,2020-03-04,2020-03-16,2020-03-19,0.09540499251660277,0.17222222222222225,24.23247421024172,19.19697419472537,4.98692776775,3.9381908259733533,2.043392511809266,1.26100720554,7.923371147942983,0.117681204498,0.10653382660095786,0.23222022953617305,6.441873246604563,18.43,169.0,153.0,906.0,0.0,880.0,31.0,37.0,93.0,336.0,333.0,,16.0,45.0,7.0,4.0,70.0,75.0,461.0,17.0,237.0,119.0,2178.0,55.6,0.35,2090.0,761.0,738.0,29.962,2020-03-12,98.0,5.0,76.7,43.9,-0.5,8.7,12.8,-1.0,8.0,8.6,76.7,1.42,24.4,16.0,8.0,-4.0,-7.0,79.0,56,64.0,76.0
Cuba,2020-03-12,2020-03-18,2020-03-19,2020-03-25,2020-03-28,0.20192466778225618,0.2222222222222222,20.388948501772717,17.768737780974337,6.4197261499,4.292327582576736,1.6532218288136882,3.6449368127,6.320415303049594,0.632482831984,0.16110693255724226,1.1645423419582766,29.415143842434183,18.34,67.0,42.0,519.0,0.0,1337.0,32.0,10.0,219.0,293.0,134.0,2.0,7.0,58.0,177.0,1.0,236.0,4.0,518.0,0.0,185.0,87.0,2891.0,52.0,0.43,8026.0,3001.0,1806.0,81.9,2020-03-24,99.0,5.0,79.2,42.1,-0.25,10.4,9.1,-3.7,36.0,4.3,79.2,1.71,24.6,12.0,5.0,-1.0,6.0,78.0,72,79.0,85.0
Cyprus,2020-03-09,2020-03-22,2020-03-13,2020-03-19,2020-03-23,0.14137330559770733,0.12982804232804232,15.797357120667035,15.340200682082354,8.629432351230001,4.464188760001219,1.0201862571002416,1.83316227028,13.010301577547018,0.188250498325,0.003118546999915116,0.49000489016799703,9.409202641377929,19.37,88.0,37.0,673.0,0.0,805.0,31.0,45.0,101.0,313.0,239.0,33.0,7.0,53.0,28.0,4.0,52.0,54.0,235.0,21.0,389.0,79.0,1943.0,34.17,0.61,141.0,57.0,32.0,19.511,2020-03-13,,,79.3,37.9,1.15,10.9,7.0,7.6,6.0,7.4,79.3,1.48,21.8,4.0,-0.0,-6.0,-9.0,82.0,69,73.0,79.0
Czechia,2020-03-01,2020-03-22,2020-03-05,2020-03-11,2020-03-13,0.09216627503771258,0.30806056800972653,22.68156289233181,17.412003731857713,6.0061515304799995,4.08714516808379,1.9084212440630628,2.08410348718,7.819747342666592,0.069449314852,0.10545231205311427,0.2980466351409237,16.110773006654476,18.87,321.0,250.0,920.0,0.0,747.0,33.0,19.0,84.0,330.0,280.0,7.0,7.0,16.0,19.0,5.0,116.0,33.0,404.0,13.0,532.0,59.0,2357.0,64.9,0.25,8441.0,2876.0,2581.0,43.14,2020-03-11,98.0,11.0,79.3,43.3,0.06,8.9,10.7,2.3,3.0,2.6,79.3,1.48,26.0,10.0,6.0,-0.0,-11.0,82.0,61,65.0,71.0
Denmark,2020-02-27,2020-03-14,2020-03-04,2020-03-09,2020-03-10,0.04096727699753286,0.15570263070263068,12.989091247205286,20.738398394678647,5.5540056497500006,5.887261700503943,1.6145986847899103,2.3947420535900004,12.233014450837588,0.162976968541,0.0012236602254179741,0.39414827256885976,18.26903114487453,22.19,164.0,342.0,1201.0,0.0,905.0,65.0,64.0,107.0,339.0,368.0,0.0,22.0,21.0,7.0,13.0,112.0,60.0,483.0,34.0,197.0,79.0,2183.0,25.3,0.08900000000000001,2501.0,565.0,975.0,44.567,2020-03-16,,,81.2,42.0,0.48,11.1,9.5,2.8,4.0,3.2,81.2,1.78,19.7,18.0,12.0,7.0,2.0,74.0,58,64.0,69.0
Diamond Princess,2020-02-07,2020-02-20,2020-02-07,2020-02-07,2020-02-10,0.0,0.01666666666666668,,,,,,,,,,,,,,,,,,,,,,,,,,,,,,,,,,,,,,,,,,,,,,,,,,,,,,,,,,,51.0,38,38.0,38.0
Djibouti,2020-03-18,,2020-03-25,,,0.2385281385281386,,7.760337298950644,6.3424281075379385,3.76564141907,1.9734644396493157,1.2571762640587725,18.269213251700002,2.9767341506062914,13.6956070071,0.3574221116710587,3.570634806248327,80.95906448666099,5.42,7.0,15.0,199.0,0.0,1495.0,4.0,8.0,42.0,80.0,85.0,15.0,7.0,6.0,128.0,11.0,30.0,11.0,331.0,5.0,335.0,65.0,2481.0,14.0,,17.0,13.0,9.0,2.2030000000000003,2020-03-20,92.0,5.0,64.7,24.9,2.07,22.7,7.3,5.1,248.0,41.6,64.7,2.19,13.5,2.0,-5.0,,,,78,85.0,
Dominica,2020-03-22,,2020-03-26,,,0.015151515151515138,,16.959054284629786,14.44449341638566,11.653891308299999,3.0734423355877007,1.1452174047105201,4.0376698412400005,5.023862207969255,1.6778758980200001,0.26823565435476704,1.6781721793955668,36.65758575741841,5.6,84.0,55.0,644.0,0.0,670.0,9.0,61.0,343.0,281.0,230.0,15.0,8.0,84.0,42.0,28.0,352.0,35.0,410.0,1.0,175.0,61.0,2300.0,,0.0,2.0,4.0,2.0,10.825,2020-03-23,98.0,5.0,77.7,34.9,0.13,14.5,8.0,-5.3,,9.7,77.7,2.02,27.9,1.0,-3.0,,,,82,86.0,
Dominican Republic,2020-03-01,2020-03-17,2020-03-14,2020-03-20,2020-03-21,0.1574252066774784,0.20905742863947194,16.175662943878745,7.995696998123642,5.9535914830299985,2.332020110424266,1.3790437797497244,5.6021463212,4.642701597190075,7.845276507079999,0.5229010609650316,1.8902919397405584,25.71169043269893,11.58,91.0,43.0,497.0,0.0,762.0,36.0,17.0,425.0,216.0,171.0,11.0,14.0,66.0,86.0,3.0,79.0,10.0,310.0,2.0,488.0,33.0,2367.0,16.0,,,,,15.6,2020-03-19,99.0,5.0,72.0,27.9,0.95,18.5,6.3,-2.7,95.0,20.9,72.0,2.24,27.6,18.0,5.0,-1.0,2.0,77.0,61,74.0,80.0
Ecuador,2020-03-01,2020-03-14,2020-03-04,2020-03-17,2020-03-18,0.12293286629807883,0.2260786676554196,9.863869507694435,9.57969566453301,7.936254430259999,2.5675234956748128,2.1380695451432783,6.1271894150699975,5.936934089283946,1.87324331604,0.6127950960527929,0.9225495493792806,36.82108928180646,5.45,48.0,77.0,504.0,0.0,1213.0,28.0,13.0,134.0,203.0,177.0,5.0,7.0,19.0,17.0,2.0,53.0,4.0,191.0,2.0,372.0,24.0,2082.0,15.0,0.095,5461.0,2016.0,1996.0,20.5,2020-03-13,88.0,5.0,77.5,28.8,1.2,17.0,5.2,0.0,59.0,15.0,77.5,2.09,19.9,12.0,9.0,-4.0,-1.0,74.0,61,64.0,77.0
Egypt,2020-02-14,2020-03-08,2020-03-06,2020-03-09,2020-03-14,0.08316539134177776,0.11731362143610287,21.982985670739875,5.899453606017111,7.870216623909999,4.0224638439739495,4.283238073747575,9.33073504498,6.407872253929704,0.174841938441,0.35887200703463273,1.61062788906562,34.38527733429462,13.77,2.0,35.0,279.0,0.0,2140.0,13.0,42.0,170.0,109.0,66.0,1.0,14.0,52.0,44.0,8.0,84.0,3.0,270.0,4.0,137.0,105.0,3042.0,15.6,0.12,23966.0,15363.0,5533.0,7.902,2020-03-16,96.0,5.0,73.7,24.1,2.28,27.2,4.4,-0.3,37.0,17.1,73.7,3.29,32.0,31.0,10.0,7.0,8.0,68.0,45,66.0,69.0
El Salvador,2020-03-19,2020-03-31,2020-03-26,,,0.2204355038236617,0.5,10.839676614781547,7.936820926977625,11.5014002823,2.6180803356657183,2.5084938563416896,5.38716754294,4.4625420429438165,0.70345310185,0.5233013642127459,1.1921021673222114,43.98363184429793,5.35,48.0,73.0,425.0,0.0,1203.0,31.0,15.0,106.0,122.0,182.0,13.0,3.0,75.0,157.0,1.0,64.0,9.0,383.0,2.0,117.0,58.0,2235.0,13.0,0.047,1222.0,,118.0,15.69,2020-03-11,96.0,5.0,74.8,27.7,0.83,18.6,5.9,-4.8,46.0,11.8,74.8,2.09,24.6,-8.0,-15.0,,-20.0,91.0,79,86.0,
Equatorial Guinea,2020-03-15,,2020-03-26,,,0.041666666666666664,,3.460437580314016,3.1610016348828816,3.2588773388599996,1.650614482742781,1.0528335569224057,7.93594831447,2.4311185588182966,21.7483327719,14.158430933624814,2.271099662871958,71.00733000326794,2.21,,,,,,,,,,,,,,,,,,,,,,,21.0,,,,,4.0,2020-03-16,48.0,5.0,65.7,20.3,2.35,30.7,7.3,0.0,301.0,59.7,65.7,4.11,8.0,1.0,-10.0,,,,75,86.0,
Eritrea,2020-03-21,,2020-03-29,,,0.2861111111111111,,5.721332426938188,5.409233443041924,3.2925307786599998,1.8447511399680667,1.4971536927378044,22.6664683291,1.5069838482779745,9.35054192145,0.6980452583618822,5.429285043893166,128.09517839045495,3.26,,,,,,,,,,,,,,,,,,,,,,,7.0,0.016,,17.0,1.0,0.557,2020-03-27,97.0,5.0,66.2,20.3,0.93,27.9,6.9,-11.6,480.0,43.3,66.2,3.73,5.0,6.0,-2.0,,,,81,89.0,
Estonia,2020-02-27,2020-03-25,2020-03-06,2020-03-13,2020-03-14,0.06941319118915217,0.6305555555555555,25.376031717246285,15.761323895078668,4.95713861386,2.487847179215016,2.134943456246682,1.8589479358,6.9831271957111465,0.613763812231,0.07314063272063479,0.3364087807842667,9.329070106487086,14.14,314.0,127.0,995.0,0.0,1052.0,48.0,22.0,100.0,283.0,507.0,3.0,9.0,9.0,28.0,10.0,146.0,73.0,245.0,29.0,159.0,80.0,2250.0,49.6,0.23,189.0,938.0,536.0,34.650999999999996,2020-03-16,95.0,5.0,77.4,43.7,-0.65,9.3,12.9,-3.1,9.0,3.7,77.4,1.61,21.2,18.0,10.0,3.0,-9.0,85.0,58,66.0,73.0
Eswatini,2020-03-14,,,,,0.0,,,,,,,,,,,,,,,,,,,,,,,,,,,,,,,,,,,,,,,,,,,,,,,,,,,,,,,,,,,,,74,,
Ethiopia,2020-03-13,,2020-03-22,,,0.10892624887190105,,3.969321674324779,3.679245357149152,3.55263519522,1.4898138105272083,1.326309534482249,22.6312801083,2.028342663341012,7.84048979388,1.9479132204001068,4.8553617040163015,80.6396037851575,1.73,22.0,7.0,93.0,0.0,1453.0,2.0,1.0,13.0,30.0,51.0,0.0,3.0,19.0,206.0,27.0,282.0,3.0,86.0,4.0,83.0,13.0,2210.0,3.12,0.027000000000000003,349.0,147.0,44.0,1.0,2020-03-16,75.0,5.0,67.5,19.8,2.56,31.6,5.9,-0.2,401.0,35.8,67.5,4.14,4.5,3.0,-6.0,,,,73,82.0,
Fiji,2020-03-19,,,,,0.06666666666666665,,21.334709702601945,6.715416491005628,23.657384679299998,4.905830349727622,0.7096890673920629,6.5044002165000006,4.314978326695116,0.567731922066,0.6466537244528552,1.93860475039192,49.87907045120817,12.23,43.0,132.0,498.0,0.0,1065.0,16.0,66.0,37.0,209.0,69.0,4.0,7.0,206.0,107.0,7.0,255.0,14.0,348.0,3.0,300.0,49.0,2438.0,23.0,0.0,16.0,12.0,9.0,8.374,2020-03-20,99.0,5.0,73.7,29.9,0.5,17.4,6.3,-6.2,34.0,8.8,73.7,2.31,30.2,1.0,,,,,79,,
Finland,2020-01-29,2020-03-21,2020-03-05,2020-03-11,2020-03-13,0.06537813686903315,0.1858490093784212,18.82497700996532,15.455004554636233,4.51574100281,3.6420076371000265,2.213643729138634,1.4145550712900001,10.588047130995056,0.08634052491460001,0.0015138733475826415,0.28633157031634304,4.838803824977521,10.17,166.0,162.0,1283.0,0.0,968.0,34.0,63.0,107.0,531.0,485.0,30.0,8.0,20.0,11.0,3.0,113.0,40.0,302.0,16.0,219.0,59.0,2054.0,43.5,0.092,4081.0,1000.0,933.0,38.08,2020-03-18,98.0,14.0,81.3,42.8,0.3,10.6,10.3,2.6,3.0,2.5,81.3,1.74,22.2,49.0,13.0,7.0,-3.0,81.0,29,65.0,71.0
France,2020-01-24,2020-02-15,2020-02-08,2020-02-28,2020-02-29,0.09647175829037132,0.2431322225779927,12.825294243428766,20.471301337562565,5.098638977279999,3.2162393906537785,1.6269974522472377,2.22396441546,10.889372142690027,0.21900002318000006,0.0018464132155300086,0.3355661589886419,11.068242923420987,13.92,142.0,262.0,1209.0,0.0,989.0,44.0,64.0,118.0,438.0,384.0,4.0,17.0,25.0,17.0,3.0,94.0,31.0,395.0,30.0,431.0,70.0,2349.0,64.77,,22145.0,10247.0,7076.0,32.349000000000004,2020-03-16,78.0,13.0,82.2,41.7,0.35,11.9,9.6,1.1,8.0,3.2,82.2,2.06,21.6,52.0,37.0,17.0,30.0,46.0,24,39.0,59.0
Gabon,2020-03-14,2020-03-20,2020-03-31,,,0.2628968253968254,0.0,8.026924861267789,5.512493907060602,4.3592126006299985,2.196296105703881,2.1467204386712893,11.522028258199999,3.1902868370675206,10.8390480465,8.467373778119121,3.4073577722156085,77.69802912653581,5.68,109.0,8.0,380.0,0.0,952.0,3.0,57.0,279.0,236.0,52.0,17.0,24.0,124.0,2.0,0.0,444.0,9.0,144.0,1.0,153.0,29.0,2263.0,13.0,0.36,,,15.0,3.611,2020-03-16,98.0,5.0,69.0,21.0,2.5,26.3,5.9,3.9,252.0,30.4,69.0,3.41,15.0,2.0,-15.0,,-4.0,80.0,74,91.0,
Gambia,2020-03-17,2020-03-23,,,,0.055555555555555546,0.0,7.762879933815883,4.006295984695937,3.66789013275,2.0681169088597544,1.165703502680627,20.104811238299998,2.5217818432767456,8.10835880646,2.492134789442945,5.934737361219993,113.09010373035744,4.93,18.0,4.0,190.0,,1366.0,5.0,56.0,9.0,32.0,91.0,9.0,2.0,245.0,8.0,0.0,18.0,4.0,284.0,4.0,370.0,15.0,2351.0,11.0,0.11,10.0,8.0,1.0,1.077,2020-03-18,98.0,5.0,65.8,21.8,1.87,27.0,6.7,-1.6,597.0,54.9,65.8,3.21,10.3,1.0,,,-5.0,83.0,77,,
Georgia,2020-02-26,,2020-03-08,2020-03-22,2020-03-30,0.08403554439348097,,34.13303811375772,13.799022141051132,5.551578575880001,3.511900127319625,2.8168974666549182,1.95692758418,4.570333131453057,0.6633971728079999,0.06921876496334227,0.8794238671018839,14.851022735937553,13.26,71.0,92.0,506.0,0.0,1470.0,23.0,15.0,48.0,136.0,234.0,13.0,5.0,11.0,0.0,3.0,85.0,48.0,382.0,17.0,184.0,33.0,2365.0,25.85,2.21,,1453.0,,50.976000000000006,2020-03-02,96.0,5.0,77.0,38.6,0.05,11.6,11.0,0.1,25.0,13.8,77.0,1.75,21.7,5.0,-6.0,-20.0,,,57,68.0,82.0
Germany,2020-01-27,2020-03-09,2020-02-02,2020-02-29,2020-03-01,0.08908117018413135,0.2165113528333893,18.95540066333189,18.831721364212747,6.193244953250001,4.838841688982823,1.9283735867436766,2.00319451768,11.27744068435893,0.155536141773,0.0015323845010555518,0.2035397503237269,11.622038880025015,14.86,234.0,296.0,1093.0,0.0,882.0,44.0,38.0,111.0,361.0,349.0,0.0,5.0,34.0,7.0,7.0,126.0,30.0,461.0,54.0,440.0,77.0,2463.0,82.78,,54863.0,25752.0,23468.0,42.086999999999996,2020-03-18,,,81.1,47.8,-0.19,8.6,12.1,1.5,7.0,3.3,81.1,1.47,22.3,51.0,45.0,18.0,9.0,69.0,27,33.0,60.0
Ghana,2020-03-14,2020-03-21,2020-03-19,2020-03-24,2020-03-26,0.07062596023039532,0.041666666666666664,7.7178895074153475,4.358972848370349,4.96813454634,1.9394484308597235,1.1332455339469425,12.2617769127,2.3452726165309867,8.39563050354,10.266586446408908,4.477206063838525,117.74474662303335,2.87,24.0,6.0,129.0,0.0,842.0,4.0,56.0,345.0,45.0,14.0,3.0,5.0,102.0,62.0,35.0,1190.0,0.0,120.0,6.0,146.0,25.0,2904.0,9.0,0.035,,,,1.8,2020-03-16,97.0,5.0,68.2,21.4,2.15,29.6,6.6,-1.6,308.0,32.1,68.2,3.9,10.9,2.0,-3.0,-8.0,-5.0,81.0,74,79.0,84.0
Greece,2020-02-26,2020-03-11,2020-03-05,2020-03-08,2020-03-13,0.08141896545993894,0.11364652286863337,21.803319096801204,18.094635975196194,4.88510240167,4.853683272683731,0.9594008260056468,1.6790605107199998,10.291182034782956,0.132370952261,0.011291958505006059,0.34481232467059153,14.695254293100984,20.59,69.0,47.0,770.0,0.0,971.0,33.0,34.0,154.0,279.0,364.0,11.0,13.0,59.0,45.0,4.0,102.0,33.0,286.0,70.0,682.0,98.0,2585.0,42.5,,11240.0,1867.0,2843.0,45.92,2020-03-11,50.0,26.0,81.1,45.3,-0.31,7.8,12.0,0.9,3.0,3.7,81.1,1.38,24.9,14.0,6.0,3.0,-0.0,71.0,57,65.0,68.0
Grenada,2020-03-22,,2020-04-02,,,0.06613756613756616,,20.507222863800525,13.84692196816303,11.9968635473,2.9958144788620538,1.4218254345776782,5.750920712439999,5.4556105553219245,1.31027988939,0.17363953983660999,1.2814938433959229,50.257405829804156,7.66,96.0,35.0,589.0,0.0,661.0,35.0,55.0,171.0,277.0,183.0,17.0,4.0,57.0,63.0,31.0,55.0,15.0,380.0,2.0,236.0,29.0,1814.0,37.0,0.0,3.0,7.0,2.0,14.470999999999998,2020-03-16,,,75.2,33.3,0.38,14.6,8.3,-2.6,25.0,8.9,75.2,1.96,21.3,-6.0,-17.0,,,,82,93.0,
Guatemala,2020-03-14,2020-03-16,2020-03-20,,,0.09335146564248731,0.0,7.046255293743651,6.183822808693867,8.44284824917,1.9697685383651509,3.23669204393362,13.3380409722,4.177613301865085,1.12241982386,0.6227278914003612,2.4311215458300293,81.88316360802901,4.28,30.0,20.0,283.0,0.0,1216.0,48.0,5.0,70.0,130.0,76.0,3.0,4.0,55.0,140.0,3.0,18.0,9.0,479.0,11.0,191.0,39.0,2266.0,6.0,0.032,201.0,188.0,155.0,3.55,2020-03-16,89.0,5.0,72.4,23.2,1.68,23.3,4.9,-1.7,95.0,21.8,72.4,2.72,21.2,2.0,-4.0,,-0.0,76.0,74,80.0,
Guinea,2020-03-13,,2020-03-29,2020-04-02,,0.41199494949494947,,5.855575066521231,3.5857156164458988,3.5547718574800005,1.761162911265064,0.8284016736213066,20.744019683199998,1.6783813415098958,6.277911237970001,13.372453555724592,4.743995020620146,146.7849596584441,2.08,5.0,9.0,135.0,0.0,1389.0,6.0,19.0,145.0,58.0,37.0,4.0,6.0,105.0,41.0,0.0,380.0,5.0,124.0,0.0,372.0,90.0,2660.0,3.0,0.026000000000000002,,,6.0,0.7879999999999999,2020-03-25,72.0,5.0,63.2,19.1,2.76,36.1,8.4,0.0,576.0,52.4,63.2,4.92,7.7,12.0,-4.0,-8.0,,,73,89.0,93.0
Guinea-Bissau,2020-03-25,,,,,0.5208333333333334,,6.2349304397293475,3.152981326147212,4.12012028148,1.683708590027455,1.060562644107332,18.7720023384,1.7251048916033809,13.370608927100001,2.99636014629052,4.01970037606316,132.6561215293195,2.02,31.0,7.0,174.0,,1289.0,3.0,2.0,88.0,117.0,39.0,6.0,5.0,26.0,18.0,0.0,185.0,3.0,31.0,52.0,338.0,12.0,2079.0,10.0,30.81,,,,2.0,2020-03-17,94.0,5.0,62.8,18.0,2.51,36.9,7.9,-3.8,667.0,51.9,62.8,4.75,9.5,-8.0,,,,,85,,
Guyana,2020-03-12,2020-03-12,2020-03-22,,,0.28055555555555556,0.3333333333333333,18.64498416910789,6.7794952542492375,10.467874975,2.2725346953580754,2.158361857766013,4.77115541815,3.8542539494461057,4.59864850139,1.5682045345246884,2.33847347372066,46.67934059258703,7.44,33.0,12.0,520.0,,1229.0,7.0,50.0,130.0,213.0,237.0,11.0,2.0,146.0,67.0,32.0,77.0,16.0,320.0,13.0,106.0,184.0,2365.0,16.0,0.13,45.0,13.0,9.0,7.99,2020-03-16,99.0,5.0,69.5,27.5,0.72,15.5,7.5,0.0,667.0,27.6,69.5,1.89,20.2,4.0,-6.0,,4.0,72.0,72,82.0,
Haiti,2020-03-20,,2020-03-29,,,0.15694444444444444,,11.668701692778873,5.552575878245164,6.21873064252,2.6635414142555907,0.9738834720297048,14.455674199,2.5419315299960314,6.77660599691,0.9669721342089294,3.111403304690128,76.50501534353552,4.4,89.0,14.0,164.0,0.0,934.0,2.0,9.0,128.0,90.0,46.0,4.0,4.0,35.0,166.0,0.0,247.0,9.0,175.0,0.0,197.0,16.0,2000.0,7.0,0.039,115.0,300.0,60.0,2.345,2020-03-20,81.0,5.0,65.3,24.1,1.26,21.7,7.4,-1.9,480.0,42.6,65.3,2.52,22.7,-0.0,-9.0,,,,80,89.0,
Holy See,2020-03-06,,,,,0.11111111111111112,,,,,,,,,,,,,,,,,,,,,,,,,,,,,,,,,,,,,,,,,,,,,,,,,,,,,,,,,,,,,66,,
Honduras,2020-03-11,2020-03-26,2020-03-19,2020-03-26,2020-03-29,0.22101539719972849,0.6936507936507935,12.538357511684339,6.791652231793204,7.84212934255,3.8257752675092216,3.3090332470268544,6.1307409976,4.756099662575218,1.6926060094300002,1.2448226953242263,1.8653537073423607,16.133139871894688,8.91,36.0,33.0,344.0,0.0,1191.0,15.0,5.0,79.0,148.0,138.0,8.0,4.0,9.0,122.0,1.0,15.0,12.0,436.0,2.0,280.0,19.0,2208.0,7.0,0.086,444.0,498.0,147.0,3.1439999999999997,2020-03-12,88.0,5.0,74.6,24.4,1.27,18.5,4.7,-1.4,65.0,14.6,74.6,2.09,21.4,1.0,-7.0,-14.0,-14.0,86.0,71,79.0,86.0
Hungary,2020-03-04,2020-03-15,2020-03-11,2020-03-17,2020-03-21,0.11840932796038543,0.13372183372183374,25.94255797523229,19.695265640835,4.95008276166,4.860332812067168,2.653501866569377,1.1362240439799998,7.3860318655662045,0.0911624563025,0.09503964129040186,0.3093845879536984,5.909549421062976,20.0,200.0,347.0,1056.0,0.0,882.0,53.0,13.0,68.0,388.0,254.0,1.0,0.0,13.0,27.0,10.0,88.0,28.0,351.0,2.0,492.0,69.0,2230.0,70.37,0.11,3189.0,1245.0,1220.0,32.312,2020-03-16,99.0,5.0,76.7,43.6,-0.28,8.8,12.9,1.3,12.0,4.7,76.7,1.47,26.4,12.0,5.0,-1.0,1.0,75.0,64,71.0,77.0
Iceland,2020-02-28,2020-03-15,2020-03-03,2020-03-07,2020-03-12,0.06784591659690291,0.16666666666666666,13.659360360053654,17.569629580324815,4.35521384464,5.404932791140827,0.7659936045800297,2.40211386441,12.414625626358216,0.17470724874100002,0.006467741744537573,0.3195962290330812,14.395055884814765,14.74,148.0,217.0,1617.0,0.0,782.0,43.0,165.0,161.0,551.0,622.0,34.0,19.0,35.0,7.0,12.0,78.0,68.0,386.0,18.0,219.0,62.0,2010.0,31.71,0.61,167.0,55.0,45.0,39.701,2020-03-16,,,83.3,37.1,1.02,13.3,6.6,3.3,4.0,2.1,83.3,1.97,21.9,17.0,13.0,9.0,1.0,75.0,59,63.0,67.0
India,2020-01-30,2020-03-11,2020-03-04,2020-03-10,2020-03-14,0.1985989316003709,0.25040955877881166,13.31382220887624,5.3443855761674035,5.60426814482,6.8664582858595145,1.5038946623021487,12.696488789900002,4.401810455047043,4.24169306741,1.4600261520626907,4.123177287116658,54.254569405463236,9.06,13.0,75.0,280.0,0.0,1392.0,12.0,13.0,72.0,15.0,164.0,0.0,1.0,49.0,158.0,30.0,56.0,1.0,180.0,10.0,219.0,57.0,2237.0,6.6,,31560.0,29310.0,20280.0,7.776,2020-03-20,87.0,5.0,69.7,28.7,1.1,18.2,7.3,0.0,145.0,35.4,69.7,2.35,3.9,50.0,16.0,10.0,9.0,71.0,30,64.0,70.0
Indonesia,2020-03-02,2020-03-11,2020-03-09,2020-03-13,2020-03-15,0.09377789761595756,0.11870078356011789,19.401805742327326,7.496086908313655,7.912381607219999,4.712343984856874,3.2215494036783165,8.31558150632,5.700231911613536,4.8562551668800005,1.7279002167866246,1.949919636843617,27.08403915947061,13.83,2.0,7.0,195.0,0.0,1848.0,23.0,85.0,82.0,53.0,21.0,0.0,6.0,106.0,10.0,15.0,143.0,8.0,200.0,5.0,236.0,41.0,2697.0,12.1,,,,,3.7769999999999997,2020-03-25,77.0,5.0,73.7,31.1,0.79,15.4,6.6,-1.1,177.0,20.4,73.7,2.04,6.9,23.0,16.0,12.0,14.0,71.0,62,69.0,73.0
Iran,2020-02-19,2020-02-19,2020-02-21,2020-02-24,2020-02-26,0.07709654245343071,0.04854052852639564,15.547970873519187,7.797937006503519,7.595734173160001,2.871605270397837,0.7846365360561505,3.2270041593900003,8.654298089271197,0.2201412672,0.10371373523910546,0.8139604177693724,15.771287893153046,10.13,0.0,86.0,365.0,0.0,1636.0,29.0,23.0,178.0,144.0,76.0,0.0,6.0,7.0,68.0,8.0,102.0,3.0,284.0,80.0,279.0,111.0,2755.0,15.0,,1272.0,1197.0,1421.0,11.4,2020-02-26,99.0,5.0,74.5,31.7,1.1,16.3,5.3,-0.3,16.0,14.9,74.5,1.94,25.8,7.0,5.0,2.0,7.0,50.0,50,52.0,55.0
Iraq,2020-02-24,2020-03-04,2020-02-29,2020-03-07,2020-03-13,0.09143102063572446,0.05177602590646072,9.856842511566178,4.0097286286696425,6.9703854348,2.1356338667781842,0.4308600216923452,6.8828324952600015,5.157033195519543,0.492356081307,0.2795058172147923,2.0391130521326337,10.80737071897974,7.5,5.0,47.0,208.0,0.0,1491.0,37.0,6.0,79.0,74.0,44.0,6.0,1.0,15.0,35.0,2.0,17.0,13.0,236.0,10.0,363.0,28.0,2298.0,13.8,0.18,1071.0,974.0,488.0,8.217,2020-03-07,95.0,5.0,72.6,21.2,2.16,25.7,3.9,-0.5,79.0,19.5,72.6,3.39,30.4,12.0,7.0,-0.0,3.0,64.0,55,60.0,67.0
Ireland,2020-02-29,2020-03-11,2020-03-06,2020-03-13,2020-03-14,0.10468008891489818,0.2921655912494379,13.38372934965379,17.385487204558533,4.9266147706,5.606315354708087,1.0588147099025078,2.2927291501400004,11.544784594124586,0.13993248021899998,0.0015898552839942225,0.4797855642018499,17.430641214303026,19.03,240.0,223.0,1042.0,0.0,1074.0,37.0,55.0,140.0,379.0,339.0,6.0,9.0,29.0,24.0,6.0,130.0,53.0,450.0,26.0,405.0,92.0,2675.0,27.61,,2201.0,653.0,1089.0,30.861,2020-03-12,77.0,5.0,81.2,37.8,1.04,13.0,6.8,3.9,5.0,3.6,81.2,1.94,25.3,12.0,6.0,-1.0,1.0,71.0,60,66.0,73.0
Israel,2020-02-21,2020-03-21,2020-03-01,2020-03-08,2020-03-12,0.14586942785092913,0.20854700854700856,10.345470604355288,15.031542872342095,8.55455785368,3.7638188963730537,0.9398362314325456,2.6649285480000002,12.357996257339108,0.194208069474,0.00824128011642143,0.6957890238175471,18.22910334510501,13.55,44.0,36.0,812.0,0.0,1074.0,39.0,45.0,189.0,402.0,281.0,7.0,10.0,111.0,61.0,5.0,72.0,35.0,254.0,46.0,694.0,107.0,2697.0,30.92,0.078,3161.0,636.0,1049.0,32.176,2020-03-12,68.0,38.0,83.0,30.4,1.46,17.6,5.3,2.1,3.0,3.3,83.0,2.59,26.1,20.0,11.0,4.0,-9.0,81.0,52,61.0,68.0
Italy,2020-01-31,2020-02-21,2020-02-21,2020-02-22,2020-02-23,0.04903259393225545,0.07276128254920744,16.074511155172154,19.609837281632363,6.25583300719,3.5050331485610218,1.4904245736856276,1.31172619666,11.864792052533247,0.33003211158400003,0.09551890679075273,0.3754265743125301,7.3030478161162495,13.78,103.0,148.0,885.0,0.0,1148.0,45.0,56.0,140.0,353.0,276.0,8.0,7.0,15.0,49.0,1.0,68.0,11.0,312.0,50.0,646.0,85.0,2637.0,34.22,0.14,12146.0,11847.0,12571.0,40.931,2020-03-04,,,82.5,46.5,0.11,8.4,10.7,3.2,2.0,3.2,82.5,1.47,19.9,33.0,12.0,11.0,12.0,52.0,31,52.0,53.0
Jamaica,2020-03-11,2020-03-19,2020-03-15,,,0.10598614348614348,0.3333333333333333,15.001335555820706,12.353230325192671,13.378768658099995,3.31799028062484,0.7073929295318925,3.64581147071,5.771115595598714,1.16208519847,0.218271629626352,1.65895566790195,16.928147379058235,10.65,74.0,87.0,522.0,0.0,889.0,7.0,48.0,142.0,215.0,156.0,16.0,8.0,58.0,28.0,45.0,151.0,9.0,511.0,2.0,253.0,57.0,2235.0,17.0,0.07200000000000001,183.0,99.0,40.0,13.199000000000002,2020-03-13,99.0,5.0,75.2,29.4,-0.07,16.1,7.5,-9.4,80.0,11.6,75.2,2.07,24.7,2.0,-2.0,,-6.0,79.0,71,75.0,
Japan,2020-01-22,2020-02-13,2020-01-30,2020-02-16,2020-02-21,0.09380546077537111,0.04038325106620847,14.751243006618193,19.16170722440464,6.473510909630001,3.877796918576398,1.5427533841934484,3.38680637395,11.939125845286355,0.16410318386199998,0.004273734956962154,0.7522804585388677,22.10348864875916,14.79,132.0,30.0,548.0,1.0,1059.0,78.0,125.0,47.0,197.0,110.0,4.0,7.0,108.0,14.0,11.0,60.0,22.0,241.0,13.0,364.0,69.0,2149.0,134.0,,21275.0,10412.0,8140.0,24.118000000000002,2020-03-02,84.0,5.0,86.0,48.6,-0.27,7.3,10.2,0.0,5.0,1.9,86.0,1.43,4.3,40.0,32.0,15.0,18.0,44.0,22,30.0,47.0
Jordan,2020-03-03,2020-03-27,2020-03-16,2020-03-18,2020-03-22,0.04115487367256976,0.4444444444444445,10.36832667297922,6.5462430045988205,8.55904352392,3.1922029039908173,0.7432488346558872,4.03819786933,8.614569842520785,0.063440744089,0.12299614776177915,2.3395843855765115,18.346124713387567,11.9,3.0,30.0,330.0,0.0,1199.0,13.0,12.0,71.0,157.0,114.0,6.0,4.0,50.0,61.0,5.0,44.0,18.0,379.0,19.0,467.0,62.0,2384.0,14.0,0.11,,,,23.436,2020-03-15,98.0,5.0,75.5,23.5,1.4,23.0,3.4,-11.3,46.0,12.8,75.5,3.04,35.5,12.0,-1.0,-3.0,-12.0,87.0,63,76.0,78.0
Kazakhstan,2020-03-13,2020-03-20,2020-03-16,2020-03-21,2020-03-26,0.2028940780672858,0.25,25.56145927412853,8.968912427607712,4.1039233890099975,3.382006663338167,4.020429655442941,3.5577673714199998,4.6626176981900045,1.1587053292799998,0.1903131190114786,1.6440480561715634,22.388142595576817,14.68,97.0,72.0,902.0,0.0,938.0,33.0,9.0,104.0,326.0,446.0,9.0,16.0,19.0,5.0,2.0,189.0,31.0,264.0,22.0,495.0,119.0,2294.0,67.18,0.16,,4816.0,,32.522,2020-03-16,95.0,5.0,72.0,31.6,0.89,16.4,8.2,0.4,10.0,17.9,72.0,2.16,21.0,3.0,-0.0,-5.0,-4.0,80.0,73,76.0,81.0
Kenya,2020-03-13,2020-03-26,2020-03-22,2020-03-30,2020-04-02,0.23874197454567644,0.3333333333333333,5.179330905478852,3.728303158866701,2.69376096759,1.7424329021403302,1.8330907140748205,26.6720493964,2.35923148056,17.056098604600002,2.234817859205939,2.735108782827789,94.55463077100914,3.36,29.0,15.0,251.0,0.0,1121.0,4.0,7.0,59.0,80.0,138.0,0.0,6.0,17.0,151.0,1.0,164.0,3.0,156.0,6.0,140.0,26.0,1873.0,14.0,0.016,316.0,357.0,129.0,1.9880000000000002,2020-03-16,87.0,5.0,69.0,20.0,2.2,27.2,5.2,-0.2,342.0,29.8,69.0,3.43,7.1,3.0,-6.0,-14.0,-10.0,86.0,73,82.0,90.0
"Korea, South",2020-01-22,2020-02-20,2020-01-31,2020-02-20,2020-02-20,0.011187332903890549,0.03317964354080164,10.295793927556266,16.726082323157208,7.5275820078899995,4.2337745994106895,2.3928358318947898,1.86740217258,12.272180786242954,0.5877710948220001,0.36637353936612377,0.8187166294518535,18.073247354130565,16.37,138.0,83.0,629.0,27.0,1387.0,41.0,110.0,76.0,313.0,44.0,,11.0,73.0,11.0,4.0,38.0,8.0,357.0,32.0,451.0,165.0,2740.0,115.3,0.08900000000000001,15792.0,5463.0,3771.0,23.660999999999998,2020-03-02,98.0,5.0,82.6,43.2,0.39,8.2,6.8,2.3,11.0,3.0,82.6,1.29,4.7,40.0,31.0,11.0,11.0,51.0,22,31.0,51.0
Kosovo,2020-03-26,2020-03-26,2020-03-26,2020-03-26,2020-03-31,0.06644455968738505,0.0,,,,,,,,,,,,,,,,,,,,,,,,,,,,,,,,,,,,,,,,,,,,,,,,,,,,,,,,,,,86.0,86,86.0,86.0
Kuwait,2020-02-24,,2020-02-25,2020-03-02,2020-03-14,0.07248406903329237,,12.733314693731735,5.161070081559663,7.40488912207,3.4857062525638702,0.7885240760861478,3.42206403635,12.084279994811368,0.15784191132300002,0.012040715902790123,1.2761532029490787,29.092042277259463,13.59,0.0,40.0,632.0,0.0,1407.0,70.0,21.0,173.0,287.0,205.0,22.0,9.0,32.0,57.0,26.0,85.0,42.0,423.0,29.0,397.0,119.0,2814.0,20.4,,,,,25.789,2020-03-01,99.0,5.0,78.6,29.7,1.27,18.0,2.3,-3.3,12.0,6.5,78.6,2.26,37.9,6.0,5.0,-1.0,,,55,56.0,62.0
Kyrgyzstan,2020-03-18,,2020-03-21,2020-03-27,2020-03-31,0.13134159601202477,,20.483115222305862,6.448403799397997,4.11556522298,2.8453791007075413,4.511841660940162,7.500168501569999,4.711790956695143,1.77587911905,0.3007114619704289,2.7046726096187435,14.268920341555654,11.05,41.0,42.0,615.0,0.0,1280.0,16.0,3.0,50.0,172.0,368.0,5.0,13.0,1.0,52.0,3.0,173.0,34.0,246.0,22.0,136.0,139.0,2184.0,45.12,0.7,1868.0,994.0,592.0,18.76,2020-03-16,97.0,5.0,71.8,27.3,0.96,20.6,6.3,-5.0,60.0,23.3,71.8,2.54,16.6,-2.0,-5.0,-11.0,,,78,81.0,87.0
Laos,2020-03-24,,2020-04-01,,,0.0949074074074074,,13.179821798330051,5.570101273359861,4.7443832651000015,4.0350787948959566,2.0276610435817517,19.536213727899998,3.7426154184004927,2.67851709832,0.5549999104410068,1.8887800245154616,72.75014127184724,11.64,69.0,37.0,292.0,0.0,1797.0,7.0,48.0,253.0,182.0,9.0,8.0,8.0,72.0,25.0,21.0,150.0,25.0,94.0,1.0,89.0,124.0,2756.0,15.0,0.1,65.0,66.0,60.0,4.997,2020-03-19,83.0,5.0,65.7,24.0,1.44,22.4,7.2,-1.0,185.0,45.6,65.7,2.53,5.3,-5.0,-13.0,,,,84,92.0,
Latvia,2020-03-02,,2020-03-11,2020-03-18,2020-03-20,0.08609726705331056,,31.361236866868573,14.838857999137234,4.63106523248,2.227245089630606,1.7724285423068709,1.9248278901900002,6.506117124786849,0.9144601231,0.06630018216960609,0.2763347825260785,11.344314291160964,14.56,194.0,244.0,977.0,0.0,935.0,47.0,53.0,75.0,310.0,312.0,8.0,10.0,18.0,1.0,2.0,227.0,61.0,258.0,24.0,304.0,85.0,2192.0,58.0,0.73,1055.0,405.0,453.0,31.945999999999998,2020-03-13,94.0,5.0,75.4,44.4,-1.12,9.2,14.6,-5.9,19.0,5.0,75.4,1.53,23.6,11.0,2.0,-5.0,,,62,71.0,78.0
Lebanon,2020-02-21,2020-03-10,2020-03-01,2020-03-11,2020-03-15,0.03989265194056609,0.12507215007215008,16.0103915749743,12.170817169651887,7.234590550559997,4.238388179515459,0.8794973728642905,2.32500205522,7.498372147344098,0.23926957921300002,0.06768908713431095,0.936131507297616,14.01322244216856,19.04,20.0,35.0,311.0,0.0,1228.0,8.0,16.0,120.0,123.0,125.0,9.0,3.0,57.0,60.0,5.0,83.0,22.0,382.0,59.0,435.0,88.0,2569.0,28.5,0.66,2547.0,941.0,486.0,22.71,2020-03-02,,,78.3,33.7,-6.68,13.6,5.4,-88.7,29.0,6.8,78.3,1.71,32.0,10.0,1.0,-9.0,-8.0,70.0,52,61.0,71.0
Liberia,2020-03-16,,,,,0.16666666666666666,,5.265591648797012,2.896302711350656,3.81015129627,1.3815185621810775,1.1998807523401809,23.0619147548,2.096449897894036,7.26973401822,13.373916243173252,4.112199648487234,93.06163775751179,2.89,32.0,4.0,119.0,0.0,1078.0,4.0,11.0,72.0,89.0,6.0,4.0,5.0,23.0,7.0,0.0,344.0,2.0,63.0,5.0,357.0,20.0,2012.0,8.0,0.023,23.0,,,0.373,2020-03-16,74.0,5.0,64.7,18.0,2.71,37.3,7.0,-2.9,661.0,47.4,64.7,4.9,9.9,-0.0,,,,,76,,
Libya,2020-03-24,2020-04-02,2020-03-31,,,0.6694444444444444,,16.889497813912364,8.714725371929383,8.44753870663,3.0947588469085305,0.9235111132280766,3.15664351491,6.4347663605571,0.432709134141,0.5631029971613479,0.7218038955560295,20.933559583593162,7.66,,,,,,,,,,,,,,,,,,,,,,,37.0,0.5,,,,21.581,2020-03-16,99.0,5.0,76.7,25.8,1.94,23.0,3.5,-0.7,72.0,11.5,76.7,3.17,32.5,-8.0,-15.0,,-17.0,93.0,84,91.0,
Liechtenstein,2020-03-04,,2020-03-18,2020-03-23,,0.05114303786030542,,,,,,,,,,,,,,,,,,,,,,,,,,,,,,,,,,,,,,,,,,,,,,,,,,,,,,,,,,,,,64,78.0,83.0
Lithuania,2020-02-28,2020-03-21,2020-03-15,2020-03-21,2020-03-22,0.1046875467512662,0.11130952380952379,29.187540977759372,14.803065952180456,3.5795656838100003,2.3228006759388955,2.7322533313433714,2.0395734673900003,6.417709779056803,0.773288807066,0.07288480951284694,0.28230996141165043,14.363062080076276,13.87,227.0,182.0,1056.0,0.0,1075.0,58.0,66.0,80.0,395.0,346.0,3.0,9.0,21.0,88.0,11.0,91.0,16.0,422.0,22.0,240.0,68.0,2363.0,72.82,0.5,2429.0,1316.0,903.0,43.37,2020-03-16,97.0,5.0,75.5,44.5,-1.13,9.5,15.0,-5.9,5.0,3.8,75.5,1.6,26.3,17.0,1.0,-5.0,-5.0,81.0,59,75.0,81.0
Luxembourg,2020-02-29,2020-03-14,2020-03-12,2020-03-14,2020-03-17,0.07634095135827583,0.12584876392972347,14.191358083154032,17.719507674472002,5.3228710445299985,4.6832918728562944,1.8023066510965504,1.9612657381799998,11.660304161743165,0.195814442678,0.007912298555657291,0.3979302138480415,13.339254187375474,15.43,344.0,160.0,1161.0,0.0,799.0,64.0,55.0,138.0,531.0,344.0,19.0,7.0,20.0,7.0,11.0,82.0,134.0,270.0,5.0,258.0,87.0,2174.0,48.2,0.75,291.0,89.0,89.0,30.266,2020-03-16,,,82.6,39.5,1.8,11.6,7.3,13.3,5.0,3.3,82.6,1.62,22.6,16.0,4.0,2.0,2.0,74.0,60,72.0,74.0
MS Zaandam,2020-03-28,2020-04-01,,,,0.7,0.0,,,,,,,,,,,,,,,,,,,,,,,,,,,,,,,,,,,,,,,,,,,,,,,,,,,,,,,,,,,92.0,88,,
Madagascar,2020-03-20,,2020-03-23,2020-03-31,,0.16053886953519758,,7.967907305313928,3.250550992329184,2.4720864479199998,2.4624528962255936,0.8062134997353131,25.87196113380001,1.7272639048418506,2.33381994731,3.890326829895957,8.45575613302868,118.92057309802178,3.14,11.0,7.0,134.0,0.0,1189.0,2.0,10.0,56.0,69.0,40.0,1.0,5.0,8.0,29.0,3.0,304.0,3.0,84.0,1.0,66.0,11.0,1769.0,2.0,0.026000000000000002,90.0,21.0,28.0,1.8119999999999998,2020-03-21,70.0,5.0,67.3,20.3,2.39,29.9,6.2,0.0,335.0,37.8,67.3,3.78,5.3,1.0,-2.0,-10.0,,,80,83.0,91.0
Malaysia,2020-01-25,2020-03-17,2020-02-04,2020-03-04,2020-03-09,0.06292793878506571,0.11861426551349034,19.39398967301281,10.033706306670293,7.254092708330001,3.4760601824440367,1.247655811139078,7.220173442130001,6.337843953839671,1.4706562843200002,0.5727300888627609,0.9321984502279886,113.51469248262728,14.32,12.0,25.0,511.0,0.0,1252.0,71.0,102.0,58.0,238.0,72.0,17.0,2.0,37.0,26.0,42.0,40.0,1.0,409.0,8.0,438.0,59.0,2398.0,18.6,0.077,1967.0,836.0,684.0,15.132,2020-03-18,99.0,5.0,75.9,29.2,1.29,18.3,5.3,-0.3,29.0,11.4,75.9,2.43,15.6,53.0,43.0,14.0,1.0,77.0,25,35.0,64.0
Maldives,2020-03-08,,2020-03-14,,,0.029479847494553384,,13.389616128405848,6.209301050017836,9.52179135747,5.4878555542397125,0.7449962345157407,3.07161842891,9.788789155400847,0.537677829043,0.8809147233826814,2.596284969184698,11.189928234819334,14.87,16.0,42.0,546.0,0.0,1016.0,45.0,199.0,96.0,85.0,175.0,37.0,0.0,16.0,8.0,31.0,37.0,29.0,242.0,64.0,42.0,69.0,1707.0,43.0,,6.0,13.0,2.0,10.379000000000001,2020-03-12,99.0,5.0,76.4,29.5,-0.08,16.0,4.1,-12.7,53.0,19.8,76.4,1.71,8.6,4.0,-2.0,,,,68,74.0,
Mali,2020-03-25,2020-03-29,2020-03-27,,,0.2356142841626713,0.375,3.6171744418132574,2.5121659994362067,2.6926171888400003,1.48179513569363,0.5078553851458095,20.1115474576,1.1725902326373054,2.94290501086,15.922857495978912,6.9618308648182765,62.368475088191346,1.38,38.0,13.0,336.0,0.0,1925.0,2.0,14.0,51.0,102.0,193.0,3.0,10.0,50.0,93.0,7.0,85.0,1.0,104.0,21.0,150.0,61.0,2590.0,1.0,0.026000000000000002,151.0,,21.0,1.393,2020-03-19,79.0,5.0,61.6,16.0,2.95,42.2,9.0,-3.9,562.0,64.0,61.6,5.72,8.6,-6.0,-8.0,,-10.0,89.0,85,87.0,
Malta,2020-03-07,,2020-03-13,2020-03-19,2020-03-23,0.05946506799037036,,18.968820440514442,16.93689126323657,6.27796444626,4.015113320175786,0.9268365226389366,2.14431084019,11.609764481755073,0.14752369281,0.015363133686703813,0.4187214516860467,19.07328190119362,15.7,135.0,141.0,983.0,0.0,1100.0,47.0,65.0,109.0,366.0,360.0,6.0,4.0,40.0,36.0,5.0,78.0,78.0,521.0,31.0,197.0,142.0,2477.0,46.65,0.23,214.0,82.0,51.0,38.26,2020-03-13,96.0,24.0,82.8,42.3,0.87,9.9,8.3,6.6,6.0,4.6,82.8,1.49,28.9,6.0,-0.0,-6.0,,,67,73.0,79.0
Mauritania,2020-03-14,2020-03-30,,,,0.14444444444444446,0.0,7.350660991610223,5.065240679118449,4.6547328958300005,2.3251109848109714,1.1365701338570158,19.3676143374,3.476649832193329,3.08416264066,2.179791918829292,5.257490579896444,84.64593221341622,2.61,0.0,23.0,419.0,0.0,1513.0,9.0,19.0,36.0,125.0,232.0,8.0,12.0,10.0,94.0,0.0,19.0,6.0,361.0,0.0,346.0,29.0,2423.0,4.0,0.18,,,,1.79,2020-03-16,85.0,5.0,64.5,21.0,2.09,29.0,7.5,-0.8,766.0,47.9,64.5,3.65,12.7,2.0,,,-14.0,90.0,74,,
Mauritius,2020-03-18,2020-03-21,2020-03-20,2020-03-26,2020-03-28,0.10385645665546099,0.2555555555555556,17.57354342085408,8.813236202167895,20.982918616400003,4.048014051865917,1.7822138768915172,2.87291851698,6.540191369870034,1.0871948639,0.9988877138973312,1.7030814323338996,22.903748275196143,10.8,53.0,26.0,459.0,0.0,1451.0,22.0,51.0,58.0,202.0,154.0,19.0,4.0,36.0,88.0,18.0,39.0,25.0,289.0,6.0,530.0,57.0,2668.0,34.0,0.4,88.0,79.0,67.0,20.246,2020-03-19,98.0,5.0,76.5,36.3,0.54,12.6,7.3,0.0,61.0,9.0,76.5,1.73,10.8,1.0,-1.0,-7.0,-2.0,81.0,78,80.0,86.0
Mexico,2020-02-28,2020-03-19,2020-03-12,2020-03-16,2020-03-19,0.15430149385229727,0.29915161466885604,10.444749780353137,8.202116877463249,15.1662767623,3.2817615221697496,3.7802040793282092,4.05485531317,5.0411552231137255,1.1608107102399998,0.7100315099852793,1.206946742207586,20.03828635852639,7.59,78.0,59.0,670.0,0.0,1403.0,70.0,28.0,109.0,329.0,169.0,0.0,16.0,29.0,101.0,15.0,33.0,5.0,456.0,15.0,292.0,55.0,2590.0,15.2,0.055999999999999994,25900.0,14455.0,8750.0,22.478,2020-03-23,96.0,5.0,76.7,29.3,1.04,17.6,5.4,-1.9,33.0,10.7,76.7,2.19,28.9,24.0,11.0,7.0,4.0,79.0,59,72.0,76.0
Moldova,2020-03-08,2020-03-18,2020-03-14,2020-03-20,2020-03-23,0.16818824601812465,0.24166666666666667,29.003592619007545,11.782857852098848,3.88177113008,2.233640257837454,6.288226368324226,2.9542395314300003,5.6141757242404875,1.3439100241600002,0.07463985934895885,0.7967555012688501,23.105221346715396,15.23,99.0,86.0,589.0,0.0,1024.0,30.0,23.0,55.0,175.0,267.0,8.0,8.0,4.0,7.0,1.0,84.0,15.0,222.0,2.0,229.0,56.0,1805.0,58.34,0.49,563.0,641.0,553.0,32.001999999999995,2020-03-11,97.0,5.0,71.9,37.7,-1.08,10.7,12.6,-9.0,19.0,11.1,71.9,1.58,18.9,3.0,-3.0,-9.0,-7.0,78.0,68,74.0,80.0
Monaco,2020-02-29,2020-03-29,2020-03-20,2020-03-31,,0.06171356248996004,0.0,,,,,,,,,,,,,,,,,,,,,,,,,,,,,,,,,,,,,,,,,,,,,,,,,,,,,,,,,,,89.0,60,80.0,91.0
Mongolia,2020-03-10,,2020-03-21,,,0.04292929292929293,,18.509644716077315,12.043857612478226,3.97437652583,1.7998206316093786,4.0069603724526495,5.5803617572599995,3.877766514920925,1.43375410752,0.2442645644677909,1.6895091685028647,22.15755952581325,13.52,73.0,95.0,966.0,0.0,890.0,16.0,1.0,16.0,501.0,314.0,9.0,38.0,3.0,4.0,0.0,58.0,37.0,139.0,2.0,139.0,35.0,1405.0,70.0,,409.0,677.0,238.0,28.866,2020-02-19,99.0,5.0,70.8,29.8,0.99,16.6,6.3,-0.8,45.0,19.2,70.8,1.95,20.6,-20.0,-31.0,,,,70,81.0,
Montenegro,2020-03-17,2020-03-23,2020-03-20,2020-03-25,2020-03-31,0.10064291886551106,0.16666666666666666,31.3896818826158,16.001125989340878,5.9393413001,2.379967146008719,0.8403241415408097,1.25355631887,7.15935631855944,0.0999971525726,0.10647420238749006,0.509331364049204,7.627206166302306,26.48,98.0,97.0,1227.0,0.0,1122.0,46.0,25.0,163.0,485.0,564.0,24.0,10.0,19.0,43.0,3.0,49.0,86.0,332.0,25.0,213.0,76.0,2254.0,39.65,0.16,,101.0,,23.337,2020-03-16,88.0,5.0,77.3,39.6,-0.37,11.5,10.4,-4.9,6.0,3.4,77.3,1.82,23.3,-1.0,-4.0,-9.0,-7.0,83.0,77,80.0,85.0
Morocco,2020-03-02,2020-03-10,2020-03-14,2020-03-19,2020-03-22,0.1282933113779973,0.11643914056957531,23.517804401222854,6.738391702276969,9.20109377749,3.3811725759626805,0.9116602829551969,4.7286306459,7.3612949132638015,3.5485818345599998,0.1720895035217284,1.4372797454133708,22.099157167027286,8.38,6.0,43.0,329.0,0.0,1992.0,23.0,42.0,139.0,141.0,72.0,1.0,8.0,10.0,44.0,15.0,95.0,6.0,366.0,29.0,275.0,73.0,3051.0,11.0,,2534.0,1064.0,320.0,7.273,2020-03-16,99.0,5.0,73.3,29.1,0.96,17.9,6.6,-1.9,70.0,18.2,73.3,2.31,26.1,14.0,2.0,-3.0,6.0,70.0,62,74.0,79.0
Mozambique,2020-03-22,,2020-04-01,,,0.06547619047619047,,4.7610397157068585,3.1129482848465777,2.43940919479,1.2572277935735998,0.5146159810758169,14.895486430900002,1.2907684487898097,26.752578451799998,8.40440298717834,3.0632611007594583,98.40384866714548,3.78,17.0,8.0,134.0,0.0,1012.0,7.0,21.0,40.0,64.0,32.0,2.0,3.0,13.0,120.0,0.0,653.0,2.0,99.0,8.0,183.0,20.0,2171.0,7.0,,186.0,63.0,28.0,0.735,2020-03-23,95.0,5.0,55.9,17.0,2.62,38.6,11.0,-1.7,289.0,64.7,55.9,4.97,7.2,1.0,-9.0,,,,82,92.0,
Namibia,2020-03-14,,2020-03-29,,,0.10795454545454546,,6.6209217849200925,4.743872690500401,4.2612937845199985,3.036659305180057,0.7660165469569585,13.273494474200001,2.6014355660769706,28.155839014699996,0.6815870298694188,2.2784795139743226,74.95640651360887,6.72,117.0,37.0,317.0,0.0,911.0,5.0,22.0,55.0,139.0,107.0,10.0,8.0,13.0,78.0,13.0,352.0,10.0,278.0,2.0,254.0,22.0,2114.0,27.0,0.43,83.0,30.0,24.0,3.721,2020-03-16,94.0,5.0,65.3,21.8,1.86,25.7,7.3,0.0,195.0,31.4,65.3,3.07,17.2,2.0,-13.0,,,,74,89.0,
Nepal,2020-01-25,,,,,0.075,,12.559728860028088,5.474063748768442,5.33925001126,7.294492473284459,1.9597763743996832,13.416736856200002,6.0394187170079805,2.2987544417700003,1.6722536113492206,2.4058228816371856,44.64209437097477,12.92,8.0,36.0,216.0,0.0,1761.0,8.0,5.0,83.0,50.0,111.0,1.0,6.0,7.0,114.0,52.0,156.0,4.0,52.0,10.0,282.0,88.0,2650.0,3.0,0.043,254.0,336.0,193.0,6.5070000000000014,2020-03-18,94.0,5.0,71.8,25.3,0.98,18.1,5.7,-3.1,186.0,25.1,71.8,1.96,4.1,53.0,,,,,25,,
Netherlands,2020-02-27,2020-03-06,2020-03-01,2020-03-05,2020-03-06,0.18333370254153136,0.07465838037285444,12.84393993965914,21.82694526710169,5.6391267763699995,5.62594300634431,0.8317125554554355,2.59259400225,12.623045202430115,0.13225172322099998,0.00196951026703532,0.27548947016352593,16.13807238024693,20.33,144.0,153.0,1074.0,0.0,746.0,55.0,47.0,175.0,373.0,441.0,,4.0,12.0,15.0,11.0,147.0,8.0,428.0,44.0,363.0,82.0,2175.0,46.57,0.76,5514.0,1447.0,1919.0,35.067,2020-03-16,,,81.7,42.8,0.37,11.0,9.2,1.9,5.0,3.5,81.7,1.77,20.4,18.0,15.0,11.0,10.0,66.0,58,61.0,65.0
New Zealand,2020-02-28,2020-03-29,2020-03-17,2020-03-21,2020-03-22,0.13826782554479436,0.0,13.813436327528196,17.30803443190533,4.92654364617,5.052742459752528,0.5973484201092883,1.4509978210699999,11.58587176077285,0.112403768564,0.05728507812062494,0.1913107392689623,8.197012195230448,13.08,104.0,288.0,954.0,0.0,914.0,40.0,42.0,105.0,434.0,145.0,0.0,6.0,56.0,33.0,7.0,98.0,8.0,560.0,35.0,212.0,70.0,2202.0,28.0,,856.0,689.0,264.0,30.252,2020-03-24,,,82.1,37.2,1.44,12.8,6.9,8.0,9.0,3.5,82.1,1.87,30.8,25.0,7.0,3.0,-5.0,89.0,59,77.0,81.0
Nicaragua,2020-03-19,2020-03-27,,,,0.20833333333333334,0.0,9.27526446990341,6.964467978898384,11.3134831824,2.8200602190313937,2.7753828324233667,6.2643469106400005,5.8211103047307775,0.8624538619259999,0.7003346569722878,1.4894739198905251,16.889637102592616,6.33,35.0,27.0,333.0,0.0,1319.0,19.0,12.0,64.0,130.0,139.0,14.0,6.0,30.0,125.0,0.0,45.0,6.0,411.0,0.0,218.0,28.0,2296.0,9.0,0.099,524.0,269.0,157.0,10.056000000000001,,98.0,5.0,74.2,27.3,0.96,17.1,5.2,-2.4,198.0,16.5,74.2,1.82,23.7,,,,,87.0,79,,
Niger,2020-03-20,2020-03-25,2020-03-26,2020-04-01,,0.5608441775108443,0.4444444444444445,3.0706514132254035,2.0058639285643065,2.8017447141400003,1.2134835981937453,0.4557386575059742,28.0930429805,1.3599641222057572,3.0920590423100003,18.862496194938334,3.867155353823632,122.79000169721441,0.9,1.0,25.0,176.0,0.0,1602.0,1.0,4.0,43.0,56.0,85.0,1.0,6.0,168.0,325.0,7.0,36.0,1.0,35.0,0.0,97.0,86.0,2403.0,2.8,0.055999999999999994,31.0,42.0,6.0,0.5,2020-03-21,77.0,5.0,59.3,14.8,3.66,47.5,10.2,-0.7,509.0,67.7,59.3,7.0,5.5,1.0,-5.0,-11.0,-4.0,85.0,80,86.0,92.0
Nigeria,2020-02-28,2020-03-23,2020-03-20,2020-03-25,2020-03-29,0.1792823778744083,0.16666666666666666,2.5330596061858013,2.6162031458503208,2.6981138935900004,0.9989956572856926,1.3383581664220852,21.576547779000002,1.844769504113473,8.60521655995,11.47805375601117,4.226618382076948,95.57063198411915,0.84,60.0,7.0,80.0,0.0,1064.0,8.0,17.0,71.0,34.0,11.0,1.0,2.0,61.0,97.0,20.0,604.0,1.0,79.0,9.0,263.0,54.0,2384.0,5.0,,1827.0,454.0,144.0,3.827,2020-03-26,68.0,5.0,60.4,18.6,2.53,34.6,9.1,-0.2,917.0,59.8,60.4,4.72,8.9,27.0,6.0,1.0,3.0,83.0,59,80.0,85.0
North Macedonia,2020-02-26,2020-03-22,2020-03-13,2020-03-20,2020-03-22,0.09844184794009976,0.25132275132275134,28.57018358334283,16.178565870012346,6.894427997719999,3.3557868290806065,1.1027067109130322,1.3272113290799998,6.977284135445018,0.16081872991100002,0.07502740371547831,0.9694253176543072,6.118893698252263,22.53,59.0,131.0,566.0,0.0,1001.0,21.0,11.0,129.0,179.0,211.0,8.0,11.0,48.0,47.0,20.0,112.0,46.0,378.0,26.0,396.0,164.0,2434.0,44.28,1.66,,,,,2020-03-11,94.0,5.0,,,,,,,,,,,,14.0,-2.0,-9.0,-11.0,82.0,57,73.0,80.0
Norway,2020-02-26,2020-03-14,2020-02-29,2020-03-04,2020-03-06,0.05402510618660831,0.1768002670162281,13.267806475227944,17.058538625341306,5.29672695928,5.224426793296673,0.7313951268860897,2.29310063835,11.883089584068966,0.13211418877800002,0.09645049480973374,0.3628955613768688,15.198932798897689,14.83,116.0,174.0,1055.0,0.0,948.0,45.0,105.0,126.0,384.0,341.0,80.0,5.0,60.0,56.0,4.0,97.0,67.0,282.0,29.0,406.0,57.0,2330.0,38.58,,3751.0,1040.0,793.0,46.33600000000001,2020-03-12,,,82.1,39.5,0.85,12.2,8.1,4.0,2.0,2.5,82.1,1.84,23.1,15.0,12.0,8.0,-2.0,74.0,57,60.0,64.0
Oman,2020-02-24,2020-03-31,2020-03-03,2020-03-21,2020-03-26,0.099536923297823,0.0,13.568191707773902,4.726377379260941,9.95288427796,2.126395227201632,0.7571191245239275,3.7201268633,8.964624363008172,0.27906617622900004,0.12836817090398508,1.4420543514450417,27.051768136733003,8.19,5.0,33.0,589.0,0.0,1158.0,31.0,46.0,404.0,194.0,276.0,6.0,8.0,19.0,38.0,30.0,48.0,22.0,264.0,11.0,238.0,100.0,2342.0,15.8,0.11,556.0,195.0,192.0,19.697,2020-03-15,99.0,5.0,76.3,26.2,1.96,23.1,3.3,-0.4,19.0,11.7,76.3,2.76,27.0,20.0,12.0,-6.0,-16.0,91.0,55,63.0,81.0
Pakistan,2020-02-26,2020-03-19,2020-03-10,2020-03-15,2020-03-16,0.09947940847114667,0.21556529889863227,11.21221695297333,6.86785000511603,5.320544954690001,2.888306099970356,1.9449886393328653,13.7685584781,3.0659509930170143,2.81194167138,0.8466691986583637,2.7278738703454324,36.49452826791105,9.11,0.0,117.0,534.0,0.0,1086.0,13.0,3.0,30.0,72.0,324.0,1.0,6.0,30.0,63.0,13.0,33.0,6.0,243.0,6.0,246.0,23.0,1792.0,6.0,0.099,2239.0,4951.0,2722.0,9.753,2020-03-14,85.0,5.0,69.2,22.0,2.07,27.4,6.2,-0.9,140.0,52.3,69.2,3.6,8.6,17.0,4.0,-1.0,-5.0,79.0,57,70.0,75.0
Panama,2020-03-10,2020-03-11,2020-03-12,2020-03-16,2020-03-19,0.11990732218007245,0.24971210706504823,11.049055146384887,9.716845072058307,8.90907787185,3.1946311940869814,1.4032220521873222,5.956933149939999,5.8792706065571485,3.60385956965,0.512880016024957,2.072415836768088,23.173888770191393,8.18,103.0,131.0,608.0,0.0,1209.0,22.0,34.0,136.0,225.0,185.0,21.0,11.0,37.0,50.0,2.0,39.0,20.0,352.0,8.0,229.0,26.0,2232.0,23.0,0.18,423.0,391.0,209.0,15.699000000000002,2020-03-12,99.0,5.0,79.2,30.1,1.2,17.1,5.1,-0.1,52.0,9.1,79.2,2.23,22.7,2.0,-0.0,-4.0,1.0,71.0,70,72.0,76.0
Papua New Guinea,2020-03-20,,,,,0.0,,17.23643699824319,4.6022789730351485,6.705332564780001,9.935073325324655,1.1376020758655632,15.4615577529,2.5374867257846803,1.29012355658,1.5823243438970471,2.9762485605627798,114.60500377831215,12.33,,,,,,,,,,,,,,,,,,,,,,,,0.096,36.0,18.0,24.0,0.529,2020-03-23,65.0,5.0,67.8,24.0,1.6,22.5,6.7,0.0,145.0,33.2,67.8,2.84,21.3,3.0,,,,,80,,
Paraguay,2020-03-08,2020-03-21,2020-03-18,2020-03-27,,0.06805762645505646,0.0,12.62083725981716,8.959139186957689,8.69675699113,2.9623789687611537,1.2499243662884043,5.3963557714100014,6.809456162350871,0.8050341057699999,0.5370999079845054,2.4629339500684435,26.84673725278323,13.18,100.0,65.0,514.0,0.0,867.0,43.0,8.0,62.0,251.0,128.0,5.0,18.0,45.0,77.0,1.0,390.0,26.0,275.0,0.0,345.0,33.0,2226.0,13.0,0.25,356.0,429.0,157.0,13.66,2020-03-11,99.0,5.0,77.9,29.7,1.16,16.6,4.9,-0.1,84.0,16.9,77.9,1.89,20.3,3.0,-7.0,-16.0,-10.0,81.0,68,78.0,87.0
Peru,2020-03-06,2020-03-20,2020-03-10,2020-03-16,2020-03-17,0.14559204264147238,0.31281897926634766,7.988682713002125,9.775195333050007,6.15310353633,3.394327698862661,2.09807382040343,9.31225199008,6.893202832453048,1.08459569336,0.925847289165619,2.14768708299684,52.26980204434529,5.05,86.0,10.0,321.0,0.0,1179.0,32.0,49.0,193.0,112.0,103.0,3.0,15.0,42.0,83.0,2.0,376.0,10.0,236.0,3.0,173.0,62.0,2448.0,16.0,,8804.0,2679.0,1382.0,12.7,2020-03-16,91.0,5.0,74.7,29.1,0.92,17.0,6.2,-1.8,88.0,16.7,74.7,2.04,19.7,10.0,6.0,-0.0,-4.0,80.0,66,70.0,76.0
Philippines,2020-01-30,2020-02-02,2020-03-08,2020-03-12,2020-03-14,0.22405351750372396,0.12261100134356832,17.304159037256483,7.480225105819239,7.82374604857,5.100454905890986,1.2269556076675383,10.3213649086,5.381219740829152,3.9657799971699994,1.10818690681058,1.3895511226827684,128.35714198424589,14.19,58.0,74.0,413.0,0.0,1525.0,16.0,52.0,140.0,238.0,23.0,2.0,10.0,29.0,12.0,4.0,87.0,12.0,218.0,10.0,115.0,49.0,2261.0,5.0,0.12,2500.0,3362.0,3611.0,12.75,2020-03-16,80.0,5.0,70.0,24.1,1.52,22.9,6.0,-1.8,121.0,20.0,70.0,2.92,6.4,46.0,8.0,4.0,43.0,33.0,30,68.0,72.0
Poland,2020-03-04,2020-03-12,2020-03-08,2020-03-13,2020-03-14,0.13381300128578857,0.24157349312075493,22.054016122352923,18.8045069063688,4.84343128897,3.7986854307613225,2.01701501099877,2.0431037774400003,7.474615868379715,0.198716417783,0.09927603530656708,0.3271146291208686,16.325209772517905,19.52,201.0,292.0,1030.0,0.0,1132.0,26.0,36.0,75.0,448.0,227.0,0.0,1.0,15.0,19.0,3.0,187.0,6.0,441.0,12.0,319.0,85.0,2496.0,65.0,0.15,5954.0,4812.0,6051.0,23.998,2020-03-16,94.0,5.0,78.3,41.9,-0.19,8.9,10.6,-0.3,2.0,4.3,78.3,1.38,23.1,12.0,8.0,3.0,4.0,72.0,64,68.0,73.0
Portugal,2020-03-02,2020-03-17,2020-03-06,2020-03-11,2020-03-13,0.13405193772616444,0.18525237726669616,15.559998246652892,17.925236085792278,6.85994592863,4.830245500349349,1.7269897375233572,3.0615797207599997,11.119167550810065,1.4349622909500002,0.2526746989690046,0.5229900409612528,24.734217318210288,10.68,214.0,254.0,1076.0,0.0,971.0,33.0,95.0,162.0,415.0,266.0,3.0,13.0,13.0,32.0,3.0,123.0,50.0,253.0,28.0,464.0,99.0,2415.0,33.95,,5758.0,1677.0,1746.0,33.356,2020-03-16,32.0,5.0,81.1,44.6,-0.25,8.1,10.8,0.3,8.0,2.6,81.1,1.41,20.8,14.0,10.0,5.0,-1.0,77.0,62,66.0,71.0
Qatar,2020-02-29,2020-03-28,2020-03-08,2020-03-11,2020-03-11,0.09168524512066045,0.3,7.122640908102242,5.137115205310406,8.90961399782,2.9404718641819168,0.9871690831190671,2.1671648124700003,12.106302705678216,0.162252383308,0.03816420284059102,0.8227035213173293,19.136201924099158,7.24,,,,,,,,,,,,,,,,,,,,,,,12.0,,67.0,81.0,128.0,0.008,2020-03-10,97.0,5.0,79.4,33.7,1.55,9.3,1.6,6.5,9.0,5.7,79.4,1.88,35.1,10.0,2.0,-1.0,-18.0,88.0,60,68.0,71.0
Romania,2020-02-26,2020-03-22,2020-03-08,2020-03-13,2020-03-14,0.1348474204630277,0.28839277887774767,30.37586870020587,15.842704167410119,3.63949708417,3.5040123313359044,3.6370050569205024,2.70642798385,6.606261640413605,0.58981239287,0.10010189803123083,0.9740856998402456,22.20437574391961,15.84,149.0,153.0,927.0,0.0,1258.0,56.0,12.0,126.0,266.0,430.0,8.0,10.0,15.0,20.0,23.0,183.0,27.0,283.0,18.0,359.0,128.0,2597.0,62.7,0.75,9157.0,2389.0,1854.0,22.586,2020-03-11,98.0,5.0,76.0,42.5,-0.37,8.5,12.0,-0.2,19.0,8.7,76.0,1.38,22.5,14.0,3.0,-2.0,-11.0,82.0,57,68.0,73.0
Russia,2020-01-31,2020-03-19,2020-03-06,2020-03-14,2020-03-17,0.2282241438708121,0.44594226579520696,30.240529820082983,11.626393356084955,3.2562603595599997,2.348089706754948,2.9015974636163477,2.8619903734300003,4.7153338564597815,2.36493912131,0.2992586005369005,0.41167543700572456,18.008591286116346,16.29,137.0,143.0,858.0,0.0,1125.0,61.0,47.0,76.0,325.0,270.0,2.0,12.0,19.0,24.0,2.0,206.0,14.0,460.0,3.0,357.0,78.0,2503.0,81.75,,23842.0,28894.0,38050.0,40.139,2020-03-11,96.0,5.0,71.9,40.3,-0.16,10.0,13.4,1.7,17.0,6.5,71.9,1.6,23.1,40.0,5.0,-3.0,-8.0,79.0,31,66.0,74.0
Rwanda,2020-03-14,,2020-03-20,2020-03-26,,0.07782165440702027,,4.452543607766881,4.61390586579067,3.0726788590100003,2.373965927793875,1.899604466054176,20.3626182596,2.237561723715214,8.87695824697,5.113029263579934,4.169704956310957,94.7117979668597,5.41,38.0,5.0,105.0,0.0,418.0,1.0,14.0,390.0,41.0,39.0,1.0,4.0,35.0,335.0,2.0,731.0,1.0,63.0,0.0,75.0,21.0,2110.0,16.0,,42.0,25.0,15.0,1.3459999999999999,2020-03-16,99.0,5.0,65.1,19.7,2.0,27.9,6.1,-3.3,248.0,28.0,65.1,3.52,5.8,2.0,-4.0,-10.0,,,74,80.0,86.0
Saint Kitts and Nevis,2020-03-25,,,,,0.4613095238095238,,,,,,,,,,,,,,,,,,,,,,,,,,,,,,,,,,,,,,,,,,,,,,,,,,,,,,,,,,,,,85,,
Saint Lucia,2020-03-14,,2020-03-31,,,0.40740740740740744,,16.259904970893153,12.630192964898336,11.367319033800001,3.7184909139564137,1.5628878538874056,3.86929367787,6.079837775200042,1.17083508115,0.2939875451105115,1.3859938298347354,28.67382380577302,8.46,136.0,56.0,779.0,0.0,817.0,13.0,65.0,107.0,475.0,156.0,23.0,14.0,46.0,59.0,18.0,66.0,19.0,396.0,10.0,142.0,42.0,1881.0,13.0,1.65,20.0,15.0,7.0,1.053,2020-03-16,99.0,5.0,78.5,36.9,0.29,12.5,8.1,-1.7,117.0,10.1,78.5,1.73,19.7,2.0,-15.0,,,,74,91.0,
Saint Vincent and the Grenadines,2020-03-14,,,,,0.16666666666666666,,18.030577351629013,12.428992730421092,12.7874954853,2.475675852915816,1.339361737173161,4.1817723395599975,5.074455342497811,2.92272888497,0.18617386441544287,1.8868899075941319,34.86638718664181,6.9,108.0,16.0,605.0,0.0,1011.0,17.0,33.0,210.0,390.0,142.0,30.0,7.0,15.0,79.0,35.0,139.0,32.0,416.0,8.0,217.0,55.0,2355.0,26.0,0.0,4.0,8.0,2.0,6.5870000000000015,2020-03-16,99.0,5.0,76.2,35.3,-0.22,12.6,7.6,-7.2,98.0,11.0,76.2,1.76,23.7,2.0,,,,,74,,
San Marino,2020-02-27,2020-03-03,2020-03-03,2020-03-10,2020-03-15,0.015915428160087952,0.06297147297147299,,,,,,,,,,,,,,,,,,,,,,,,,,,,,,,,,,,,,,,,,,,,,,,,,,,,,,,,,,,63.0,58,63.0,70.0
Saudi Arabia,2020-03-02,2020-03-24,2020-03-08,2020-03-13,2020-03-14,0.09335177848981265,0.41597222222222224,13.199557277785974,5.643995227984751,8.26390398279,2.56107354000722,1.1135845899450876,3.35928643752,9.406977809820015,0.6772322490389999,0.07904714413548558,0.5030341102673137,29.459516859332137,5.88,0.0,50.0,485.0,0.0,1499.0,26.0,21.0,209.0,214.0,169.0,19.0,5.0,15.0,50.0,26.0,34.0,32.0,297.0,17.0,463.0,49.0,2710.0,26.5,0.013999999999999999,,,,23.9,2020-03-09,98.0,5.0,76.2,30.8,1.6,14.7,3.4,4.7,17.0,11.3,76.2,1.95,35.4,7.0,1.0,-4.0,-15.0,84.0,62,68.0,73.0
Senegal,2020-03-02,2020-04-01,2020-03-13,2020-03-22,2020-03-26,0.08631112104806,0.0,6.726509682710852,4.661658516674813,4.65131087922,2.225080651149745,0.9181427271767422,20.6165277647,2.5895332770663204,4.861978468809999,3.874034354861029,4.943972885748289,88.06121544017486,2.81,4.0,10.0,144.0,0.0,1598.0,6.0,31.0,24.0,66.0,25.0,1.0,5.0,67.0,39.0,6.0,60.0,5.0,169.0,6.0,430.0,60.0,2468.0,3.0,,38.0,57.0,42.0,0.6920000000000001,2020-03-16,95.0,5.0,63.2,19.4,2.31,31.8,7.6,-1.3,315.0,45.7,63.2,4.04,8.8,14.0,3.0,-6.0,-16.0,92.0,62,73.0,82.0
Serbia,2020-03-06,2020-03-20,2020-03-11,2020-03-16,2020-03-19,0.17580247942786772,1.7313186813186814,30.348213721566342,18.30551718913892,6.1567957165900005,3.9492411143238018,1.113474112494963,1.41495251354,6.665327576326067,0.131261647499,0.09023249920527997,0.4540381025546407,10.489370843149658,20.0,144.0,62.0,737.0,0.0,1124.0,36.0,13.0,118.0,353.0,261.0,1.0,12.0,22.0,25.0,3.0,70.0,33.0,293.0,16.0,150.0,68.0,2067.0,56.54,0.24,,1317.0,,31.25,2020-03-16,98.0,5.0,76.3,43.4,-0.47,8.8,13.5,0.0,12.0,5.6,76.3,1.46,21.5,10.0,5.0,-0.0,-4.0,80.0,66,71.0,76.0
Seychelles,2020-03-14,,2020-03-31,,,0.06547619047619047,,17.969245149166767,14.106179302170682,9.24242898865,3.5692762340659616,2.841575932662463,6.52686873119,6.264692834121004,1.7777406735699999,0.2630634595232989,0.6953848852872906,80.25998144338033,11.53,,,,,,,,,,,,,,,,,,,,,,,36.0,1.08,22.0,6.0,4.0,9.458,2020-03-16,99.0,5.0,75.6,36.8,0.69,12.8,7.1,1.0,,9.3,75.6,1.83,14.0,2.0,-15.0,,,,74,91.0,
Sierra Leone,2020-03-31,,,,,0.5,,5.334822664493659,2.48954234603862,3.69623754926,1.3888672802099953,0.7972617403311242,24.250145713200002,1.5930556031324197,5.14201973256,19.05285261184021,4.610687980552785,141.29411137478496,3.37,5.0,2.0,128.0,0.0,1349.0,5.0,43.0,42.0,33.0,43.0,4.0,3.0,62.0,87.0,6.0,347.0,2.0,50.0,10.0,323.0,34.0,2321.0,4.0,,5.0,3.0,1.0,0.25,2020-03-31,90.0,5.0,59.8,19.1,2.43,35.4,9.8,-1.2,1120.0,63.6,59.8,4.62,8.7,-0.0,,,,,91,,
Singapore,2020-01-23,2020-03-21,2020-01-30,2020-02-12,2020-02-29,0.06197502432269786,0.13888888888888887,14.063554729810555,13.34419377907548,6.5527511186000025,3.0105718767370084,0.8833545019135611,5.00259893065,12.489449414935914,0.47877232222800004,0.157381643612148,0.8524137944138862,42.39261700499017,12.2,,,,,,,,,,,,,,,,,,,,,,,24.0,,1019.0,304.0,375.0,23.063000000000002,,99.0,5.0,86.0,35.6,1.73,8.9,3.6,11.8,8.0,2.3,86.0,0.87,6.1,,,,,81.0,23,30.0,43.0
Slovakia,2020-03-06,2020-03-18,2020-03-11,2020-03-15,2020-03-18,0.0796989227116317,0.0,24.577564405118128,17.367240573656236,4.78588353509,2.854960247803954,2.849616710233323,2.5416194020900003,8.248672092005433,0.0576926695347,0.11786122863265222,0.3109593325022315,20.72376877344611,15.69,157.0,432.0,916.0,0.0,591.0,50.0,18.0,69.0,242.0,164.0,4.0,10.0,29.0,13.0,5.0,94.0,33.0,231.0,15.0,565.0,47.0,1853.0,57.5,0.95,1001.0,961.0,1136.0,24.643,2020-03-16,90.0,8.0,77.8,41.8,-0.05,9.3,10.1,0.2,5.0,4.9,77.8,1.44,20.5,10.0,5.0,1.0,-2.0,78.0,66,71.0,75.0
Slovenia,2020-03-05,2020-03-14,2020-03-08,2020-03-11,2020-03-13,0.06020146118142703,0.11986531986531986,17.155087330387722,18.635227798102946,4.87745552976,3.5351729464537684,2.419465125510209,1.69997525984,9.07659898209595,0.0647515252462,0.1051865204717416,0.3260019685212581,12.263283916734204,14.96,143.0,226.0,870.0,0.0,1151.0,39.0,22.0,170.0,294.0,278.0,13.0,10.0,24.0,19.0,9.0,96.0,72.0,222.0,41.0,296.0,71.0,2326.0,45.54,0.09699999999999999,853.0,415.0,431.0,29.95300000000001,2020-03-16,96.0,16.0,81.4,44.9,0.01,8.7,10.3,1.5,7.0,1.7,81.4,1.59,20.2,11.0,8.0,5.0,2.0,74.0,65,68.0,71.0
Somalia,2020-03-16,,,,,0.11111111111111112,,5.266008311804714,3.4208464972031325,2.81896654749,1.4861388538359688,0.8930042616075499,26.673343462600002,1.3344822539246883,8.907297719159997,1.8221362888636283,5.221037642857167,127.1747509237354,3.4,,,,,,,,,,,,,,,,,,,,,,,8.7,,15.0,5.0,1.0,0.22899999999999998,2020-03-18,39.0,5.0,54.0,18.5,2.21,38.7,12.4,-3.8,829.0,89.5,54.0,5.51,8.3,2.0,,,,,76,,
South Africa,2020-03-05,2020-03-27,2020-03-11,2020-03-15,2020-03-18,0.03809235464503883,0.36111111111111116,6.737979678977211,4.991918752422572,6.22776615146,3.049921095927933,0.5676119397807349,7.801012186989999,2.6333252678891297,36.4746375425,0.4055425413119036,1.2384237232266977,66.66391612005019,6.11,137.0,13.0,456.0,0.0,1557.0,26.0,11.0,31.0,308.0,82.0,0.0,17.0,27.0,16.0,5.0,63.0,7.0,341.0,2.0,316.0,36.0,2538.0,28.0,0.027000000000000003,3453.0,1631.0,1143.0,9.101,2020-03-18,69.0,5.0,64.8,28.0,0.97,19.2,9.3,-0.2,119.0,27.8,64.8,2.22,28.3,13.0,7.0,3.0,-9.0,87.0,65,71.0,75.0
Spain,2020-02-01,2020-03-03,2020-02-26,2020-03-01,2020-03-02,0.09308687798726485,0.12401399306364491,14.413956685485113,18.724551070544006,5.9233004122500015,5.038821007117723,1.587840676964866,1.89916078158,10.754555265151577,0.5694829990320001,0.1521272586812935,0.5077744639314616,10.305537940847763,15.49,158.0,66.0,862.0,0.0,784.0,53.0,85.0,120.0,390.0,258.0,0.0,9.0,35.0,46.0,1.0,104.0,23.0,315.0,46.0,679.0,97.0,2408.0,29.65,0.16,10673.0,4018.0,4869.0,40.691,2020-03-16,,,82.0,43.9,0.67,8.7,9.3,7.0,4.0,3.2,82.0,1.51,23.8,44.0,19.0,15.0,13.0,63.0,32,57.0,61.0
Sri Lanka,2020-01-27,2020-03-28,2020-03-14,2020-03-18,2020-03-24,0.06192129208917759,0.36666666666666664,17.1330162049345,8.120481921977168,10.5713160294,6.169326449367879,2.239314453068132,4.352452813419999,7.038717783746532,0.5058638755439999,0.5525489569523977,1.4811320861440986,24.76786134463623,10.2,11.0,3.0,197.0,0.0,1410.0,17.0,62.0,81.0,32.0,80.0,1.0,3.0,302.0,92.0,45.0,69.0,5.0,281.0,9.0,59.0,51.0,2416.0,35.1,,118.0,129.0,128.0,9.58,2020-03-13,99.0,5.0,77.5,33.7,0.67,14.2,6.5,-1.3,36.0,7.8,77.5,2.01,5.2,46.0,-1.0,-5.0,-15.0,88.0,27,74.0,78.0
Sudan,2020-03-13,2020-03-13,,,,0.19603174603174603,0.16666666666666666,11.906124269074875,3.2574564138716715,5.1014562012999995,2.115234397231696,0.7158586431035479,9.40508095641,3.848904671265621,2.21415401285,1.8473146993448573,2.767432437161009,31.18599476896416,1.34,0.0,21.0,388.0,0.0,1111.0,5.0,2.0,116.0,121.0,230.0,1.0,9.0,59.0,101.0,4.0,43.0,3.0,308.0,0.0,229.0,64.0,2045.0,8.2,0.034,300.0,500.0,250.0,4.1,2020-03-16,88.0,5.0,66.5,18.3,2.69,33.8,6.5,-0.4,295.0,41.8,66.5,4.72,6.6,3.0,,,3.0,73.0,73,,
Suriname,2020-03-14,,2020-04-01,,,0.03935185185185186,,16.580111498864404,9.191995698296452,9.79578879138,2.9887694574109687,1.8717533997753968,5.54756375305,4.755931827095052,1.96978274901,0.6550833033050512,1.373875082553642,36.04272088389406,11.06,78.0,11.0,334.0,0.0,1121.0,22.0,32.0,138.0,207.0,60.0,22.0,2.0,57.0,19.0,2.0,64.0,17.0,409.0,3.0,367.0,60.0,2359.0,31.0,0.19,,,,12.265,2020-03-16,,,73.3,31.0,0.95,14.9,6.2,0.5,120.0,22.1,73.3,1.86,26.4,2.0,-16.0,,,,74,92.0,
Sweden,2020-01-31,2020-03-11,2020-02-29,2020-03-05,2020-03-06,0.10453860134050903,0.2040415323114355,17.249288174860887,16.876220081448153,5.489909772280001,5.245567734770662,0.992748382542865,2.12652928761,10.620108561097792,0.105412387653,0.0020591553182824946,0.3860460248621421,11.266520331777725,14.47,148.0,241.0,1062.0,0.0,887.0,53.0,59.0,102.0,338.0,371.0,12.0,1.0,30.0,16.0,8.0,99.0,21.0,339.0,29.0,398.0,69.0,2157.0,25.94,,3909.0,1364.0,1650.0,53.996,2020-03-18,24.0,5.0,82.4,41.1,0.79,12.1,9.4,5.2,4.0,2.6,82.4,1.87,20.6,47.0,18.0,13.0,7.0,71.0,31,60.0,65.0
Switzerland,2020-02-25,2020-03-05,2020-02-29,2020-03-03,2020-03-05,0.06475650640708759,0.15123283675821433,12.909108940834713,16.54834038747641,5.2551334807800005,4.2263946994038415,1.112683244100543,1.7304156102400001,14.899467092445633,0.215671542872,0.004137372196340325,0.6093656549870404,7.98881298946236,15.11,159.0,165.0,1061.0,0.0,802.0,40.0,30.0,132.0,422.0,395.0,0.0,8.0,19.0,17.0,6.0,74.0,14.0,539.0,65.0,457.0,68.0,2353.0,46.77,,4091.0,1699.0,1431.0,42.363,2020-03-16,,,82.8,42.7,0.66,10.5,8.5,4.6,5.0,3.5,82.8,1.57,19.5,20.0,16.0,13.0,11.0,65.0,56,60.0,63.0
Syria,2020-03-22,2020-03-29,2020-03-30,,,0.2518518518518519,0.25,13.293618780971567,3.4658757900621016,3.78357977096,2.2561544408834706,0.6480597749651921,2.54235429417,4.139968426536186,0.0538721208459,0.3004636928274176,1.1929507889718138,17.369111734310806,7.77,,,,,,,,,,,,,,,,,,,,,,,15.0,,,,,12.2,2020-03-16,66.0,5.0,73.7,23.5,4.25,23.8,4.5,27.1,31.0,16.5,73.7,2.9,27.8,-6.0,-14.0,,-13.0,89.0,82,90.0,
Taiwan*,2020-01-22,2020-02-16,2020-01-31,2020-03-13,2020-03-18,0.04069935228300007,0.25,13.1370410850114,19.426238808618837,11.4297815126,6.428340623684628,2.8635343372451736,2.9883264605299997,8.11371575420746,0.500061219465,0.18100860996166604,0.3156637745340669,34.045501567117626,15.76,76.0,62.0,652.0,0.0,918.0,54.0,45.0,124.0,416.0,68.0,5.0,6.0,114.0,25.0,12.0,27.0,16.0,290.0,42.0,564.0,110.0,2324.0,,,,,,,,,,80.6,42.3,0.11,8.0,7.9,0.8,,4.2,80.6,1.14,,,,,,47.0,22,31.0,73.0
Tanzania,2020-03-16,2020-03-31,2020-03-22,,,0.08111625216888374,0.0,4.704879322848675,4.079725502674268,3.1356436930299996,1.6651628195577821,0.8730463258442853,19.186418213,1.9050941703535809,12.8628454119,6.160551500804369,4.612806675435098,95.963572619142,4.3,51.0,15.0,131.0,0.0,978.0,1.0,14.0,120.0,44.0,57.0,0.0,0.0,107.0,234.0,3.0,363.0,1.0,116.0,4.0,257.0,31.0,2265.0,7.0,,100.0,50.0,6.0,0.39899999999999997,2020-03-19,99.0,5.0,63.9,18.2,2.71,34.6,7.1,-0.4,524.0,36.4,63.9,4.59,8.4,3.0,-3.0,,-12.0,91.0,76,82.0,
Thailand,2020-01-22,2020-03-01,2020-01-28,2020-03-07,2020-03-15,0.08725554855729493,0.20224867724867726,12.24442240772709,13.092358847521785,8.042031699330003,3.489261032485072,2.8229059115370823,5.6291743392699995,8.402783207416107,3.6195157140800007,0.7131936531564455,0.7123071663428541,40.580074731140755,12.21,121.0,19.0,362.0,0.0,1311.0,51.0,65.0,104.0,174.0,48.0,1.0,4.0,75.0,24.0,60.0,60.0,4.0,437.0,6.0,230.0,33.0,2465.0,21.0,0.13,4284.0,3154.0,1523.0,8.096,2020-03-18,99.0,5.0,75.6,39.0,0.25,10.7,8.3,0.0,37.0,8.6,75.6,1.54,10.0,56.0,50.0,11.0,17.0,61.0,22,28.0,67.0
Timor-Leste,2020-03-22,,,,,0.0,,,,,,,,,,,,,,,,,,,,,,,,,,,,,,,,,,,,,,,,,,,,,,,,,,,,,,,,,,,,,82,,
Togo,2020-03-06,2020-03-27,2020-03-21,,,0.07924836601307188,0.16666666666666666,6.055116821137122,3.25985178034316,3.689076853570002,1.8780831845826844,0.8057481484476251,15.2692206021,2.3787312296527077,9.711309652979999,15.044175200865359,3.3610794028119533,100.96982408829905,2.89,14.0,5.0,99.0,0.0,1131.0,3.0,19.0,10.0,54.0,15.0,8.0,2.0,40.0,147.0,5.0,513.0,3.0,137.0,0.0,304.0,19.0,2330.0,7.0,0.08800000000000001,20.0,10.0,6.0,0.48700000000000004,2020-03-20,86.0,5.0,66.6,20.0,2.56,32.0,6.5,0.0,396.0,38.5,66.6,4.22,8.4,14.0,-1.0,,-7.0,87.0,66,81.0,
Trinidad and Tobago,2020-03-14,2020-03-25,2020-03-21,2020-03-22,,0.06107517322824304,0.19444444444444445,18.26583337327853,10.222079222445732,16.8811510923,2.674168059259811,1.2221881037014608,2.70987159374,5.600620171347295,2.47505000468,0.23401890286489035,1.0553572021534372,20.10539431006402,8.91,54.0,85.0,608.0,0.0,1121.0,16.0,43.0,76.0,282.0,177.0,23.0,6.0,65.0,87.0,23.0,73.0,11.0,557.0,12.0,290.0,41.0,2435.0,30.0,,247.0,99.0,75.0,26.697,2020-03-14,,,73.9,37.8,-0.3,11.4,9.1,-5.4,67.0,20.1,73.9,1.7,18.6,-0.0,-7.0,-8.0,-11.0,85.0,74,81.0,82.0
Tunisia,2020-03-04,2020-03-19,2020-03-13,2020-03-20,2020-03-24,0.12650774228918973,0.15833333333333333,21.555933384089734,8.201980213078347,9.21029240676,3.68254524944601,0.9187256161512776,3.20420331059,8.976773432212024,0.4155523962830001,0.09364229607515236,0.6225239645485774,16.20762271552945,16.09,17.0,47.0,402.0,0.0,1661.0,27.0,24.0,135.0,117.0,181.0,2.0,5.0,36.0,70.0,17.0,60.0,11.0,350.0,51.0,490.0,164.0,3066.0,22.9,0.27,327.0,695.0,255.0,12.722000000000001,2020-03-16,97.0,5.0,76.3,32.7,0.85,15.9,6.4,-1.4,43.0,11.0,76.3,2.06,26.9,12.0,3.0,-4.0,-3.0,79.0,64,73.0,80.0
Turkey,2020-03-11,2020-03-17,2020-03-16,2020-03-18,2020-03-19,0.21401145919009787,0.2537865596105859,15.507205808014538,12.517462871437681,8.92843569068,5.795282334181263,0.7386352552536283,2.8182212968,9.863435568229027,0.202564479056,0.05598523657444002,0.9043443555986336,13.71736690377376,19.43,22.0,66.0,538.0,0.0,1366.0,30.0,9.0,162.0,151.0,278.0,2.0,5.0,49.0,122.0,21.0,91.0,7.0,309.0,76.0,620.0,154.0,3002.0,26.56,0.32,6104.0,6865.0,5983.0,17.605,2020-03-16,95.0,5.0,75.7,32.2,0.45,14.8,6.1,-4.3,17.0,15.8,75.7,1.96,32.1,5.0,-0.0,-2.0,-1.0,77.0,71,76.0,78.0
US,2020-03-10,2020-03-10,2020-03-10,2020-03-10,2020-03-10,0.16419421105004245,0.2797310648450042,15.48638110304088,14.57841756185009,7.7599797421000005,5.963347226711477,1.7382976515488309,2.2434704720700003,9.611193919669503,0.476042385736,0.06312365383724605,0.28476399390072754,15.866288638654867,15.02,161.0,98.0,1026.0,0.0,812.0,59.0,36.0,134.0,460.0,371.0,0.0,1.0,68.0,35.0,8.0,94.0,22.0,603.0,36.0,699.0,70.0,2740.0,29.0,,114679.0,40123.0,46446.0,25.948,2020-02-28,,,80.3,38.5,0.72,12.4,8.3,3.0,19.0,5.3,80.3,1.84,36.2,-11.0,-11.0,-11.0,-11.0,70.0,70,70.0,70.0
Uganda,2020-03-21,,2020-03-25,,,0.12673473869126042,,3.5228512017429616,4.3716867002172055,2.65077930623,1.5198471106090323,0.8632549114353625,17.619960881500003,1.6763968561065958,15.215428523699998,11.51627057888935,3.5410746113203864,80.36576828432558,2.35,77.0,8.0,165.0,0.0,594.0,3.0,21.0,286.0,64.0,65.0,1.0,4.0,73.0,239.0,1.0,375.0,1.0,114.0,0.0,198.0,21.0,1980.0,5.0,0.005,204.0,124.0,17.0,0.9079999999999999,2020-03-20,93.0,5.0,68.2,15.7,3.34,42.3,5.3,-3.5,375.0,32.6,68.2,5.54,5.3,-1.0,-5.0,,,,81,85.0,
Ukraine,2020-03-03,2020-03-13,2020-03-17,2020-03-22,2020-03-25,0.19567982389071217,0.2992123345064522,35.974467839143344,12.225489338132556,2.95839258808,2.1108171262031283,3.678523248041224,1.7775777301199998,5.214217043099373,2.42113690338,0.09422842720470488,0.2647562389875822,16.491498486313137,17.06,93.0,78.0,600.0,0.0,1219.0,55.0,21.0,70.0,205.0,233.0,1.0,7.0,2.0,18.0,2.0,241.0,11.0,411.0,13.0,246.0,110.0,2435.0,87.98,,,12745.0,,30.075,2020-03-12,39.0,5.0,72.9,41.2,-0.1,9.6,14.0,2.3,19.0,7.4,72.9,1.56,24.1,9.0,-5.0,-10.0,-1.0,73.0,63,77.0,82.0
United Arab Emirates,2020-01-29,2020-03-20,2020-02-22,2020-03-10,2020-03-18,0.16934433578310312,0.2833333333333333,11.278292575933467,7.944101298840108,8.79268249413,5.4328577803559295,0.7084667402785485,2.5718694761500003,9.565432003548725,0.39435391752300003,0.028202851934011237,0.6859532261852356,46.18986168715821,9.14,0.0,64.0,596.0,0.0,1409.0,29.0,41.0,176.0,248.0,207.0,16.0,8.0,64.0,253.0,40.0,26.0,7.0,370.0,78.0,236.0,95.0,2770.0,11.5,,,,,23.94400000000001,2020-03-08,96.0,5.0,79.0,38.4,1.49,9.5,2.0,7.6,3.0,5.3,79.0,1.73,31.7,39.0,15.0,-2.0,-12.0,80.0,29,53.0,70.0
United Kingdom,2020-01-31,2020-03-05,2020-02-24,2020-03-03,2020-03-05,0.1263042862247705,0.15902411322929016,14.392086903116555,18.266854401523968,4.2879307868800005,6.6779137018954655,1.4413366585100966,3.13413271912,11.434200154768055,0.14559045643500002,0.07898524312812531,0.5041462748755976,24.40412892475345,15.43,152.0,107.0,975.0,0.0,920.0,43.0,36.0,136.0,450.0,332.0,20.0,7.0,38.0,35.0,11.0,177.0,52.0,364.0,22.0,457.0,69.0,2453.0,27.58,,21684.0,12431.0,6080.0,28.058000000000003,2020-03-20,,,81.1,40.6,0.49,11.9,9.5,2.5,7.0,4.1,81.1,1.86,27.8,49.0,25.0,17.0,15.0,65.0,31,55.0,63.0
Uruguay,2020-03-14,2020-03-29,2020-03-17,2020-03-18,2020-03-21,0.06771865610447951,0.5,15.424930192421362,19.00615705678309,5.935960479319999,4.842926218663896,1.1553848805498441,3.2008382425999997,8.057047334695842,0.974250000782,0.04361986208188117,0.9001300251377256,24.228297933664226,14.39,85.0,68.0,768.0,0.0,1118.0,42.0,18.0,88.0,329.0,305.0,9.0,6.0,37.0,27.0,2.0,100.0,30.0,465.0,3.0,367.0,54.0,2384.0,28.0,0.41,400.0,600.0,330.0,50.498999999999995,2020-03-16,98.0,5.0,77.9,35.5,0.27,12.9,9.3,-0.9,17.0,7.8,77.9,1.77,27.9,2.0,-1.0,-2.0,-13.0,89.0,74,77.0,78.0
Uzbekistan,2020-03-15,2020-03-27,2020-03-17,2020-03-24,2020-03-28,0.15674007854023222,0.16666666666666666,26.112203832350502,6.382199122726152,6.080061071679999,2.1357751757347585,4.155906933686091,9.593004647919999,4.36558055634762,1.4798125412399998,0.2600309611201713,2.799799375748812,36.26387398526414,10.08,41.0,37.0,652.0,0.0,1500.0,25.0,4.0,134.0,213.0,363.0,2.0,10.0,6.0,0.0,1.0,98.0,4.0,103.0,13.0,272.0,195.0,2370.0,39.94,,,5549.0,,23.685,2020-03-16,99.0,5.0,74.8,30.1,0.88,16.1,5.4,-1.9,29.0,16.3,74.8,1.74,16.6,1.0,-1.0,-8.0,-11.0,87.0,75,77.0,84.0
Venezuela,2020-03-14,2020-03-27,2020-03-15,2020-03-21,2020-03-26,0.054473599076860967,0.36111111111111116,12.951493970008766,9.719899991234232,8.14697573045,2.8568465746068177,1.4005474928052466,4.729300922069999,4.950648909616419,1.6153961065899998,1.0230288605632158,0.6729156457572999,19.864598226943528,9.18,38.0,27.0,325.0,0.0,958.0,13.0,20.0,107.0,141.0,119.0,1.0,6.0,2.0,33.0,0.0,61.0,3.0,350.0,0.0,339.0,30.0,1922.0,8.0,,3411.0,2154.0,,19.24,2020-03-17,82.0,5.0,71.0,30.0,-0.18,17.9,7.5,-3.4,125.0,27.9,71.0,2.26,25.6,3.0,2.0,-4.0,-10.0,87.0,74,75.0,81.0
Vietnam,2020-01-23,,2020-02-06,2020-03-14,2020-03-22,0.0615293113909392,,16.842832120510913,12.85194782517852,6.51600626382,4.2467770179532565,2.66596229422602,4.69807588075,6.828525651522567,3.36601978052,1.326011019219822,0.8971790573045658,23.31485001900979,14.25,42.0,55.0,645.0,0.0,1585.0,17.0,61.0,106.0,460.0,33.0,2.0,18.0,111.0,27.0,25.0,42.0,6.0,123.0,21.0,78.0,115.0,2293.0,25.6,,,,,8.199,2020-03-23,97.0,5.0,74.4,31.9,0.84,14.5,6.0,-0.3,43.0,15.7,74.4,1.77,2.1,60.0,46.0,9.0,,,23,37.0,74.0
West Bank and Gaza,2020-03-05,2020-03-26,2020-03-07,2020-03-22,2020-03-29,0.10113219746925277,0.0,,,,,,,,,,,,,,,,,,,,,,,,,,,,,,,,,,,,,,,,,,,,,,,,,,,,,,,,,,,86.0,65,67.0,82.0
Zambia,2020-03-18,2020-04-02,2020-03-25,,,0.1045404786784097,,4.0749662907119975,3.8640700453863936,2.82318002045,1.4538817319257866,1.369251971296641,19.0274251943,1.6318586417837146,22.6441215526,4.989168539013408,4.2576784736286495,95.43451612460295,3.67,48.0,13.0,133.0,0.0,1270.0,8.0,23.0,9.0,61.0,21.0,2.0,6.0,128.0,12.0,3.0,165.0,1.0,103.0,0.0,121.0,18.0,1880.0,20.0,0.034,97.0,46.0,13.0,0.9129999999999999,2020-03-20,99.0,5.0,53.6,16.9,2.89,40.4,11.6,0.0,213.0,56.0,53.6,5.49,8.1,2.0,-5.0,,-13.0,93.0,78,85.0,
Zimbabwe,2020-03-20,2020-03-23,,,,0.11130952380952379,0.0,6.560883308573077,4.99863301444352,3.62297014305,2.3777048824986364,0.6812316343798632,17.1073586049,1.90735917308273,25.493061430700003,1.3546358358821855,4.517716811893856,140.88770205568008,7.28,62.0,30.0,171.0,0.0,1295.0,6.0,7.0,19.0,76.0,47.0,2.0,4.0,30.0,27.0,2.0,56.0,2.0,219.0,5.0,272.0,11.0,2002.0,17.0,0.078,80.0,63.0,48.0,0.763,2020-03-24,90.0,5.0,62.3,20.5,1.87,33.6,9.3,-5.0,458.0,30.3,62.3,3.93,15.5,4.0,,,1.0,83.0,80,,
